Index,ID,Name,Type
1,TU_001,MG_001 - MG_002,nascent
2,TU_002,MG_003 - MG_004,nascent
3,TU_003,MG_005 - MG_009,nascent
4,TU_004,MG_010,nascent
5,TU_005,MG_011 - MG_012,nascent
6,TU_006,MG_013,nascent
7,TU_007,MG471 - MG472,nascent
8,TU_008,MG_014 - MG_015,nascent
9,TU_009,MG_018,nascent
10,TU_010,MG_019 - MG_021,nascent
11,TU_011,MG_022 - MG_024,nascent
12,TU_012,MG_025,nascent
13,TU_013,MG_026 - MG_028,nascent
14,TU_014,MG_029 - MG_031,nascent
15,TU_015,MG_032,nascent
16,TU_016,MG_033,nascent
17,TU_017,MG_034,nascent
18,TU_018,MG_035,nascent
19,TU_019,MG_036,nascent
20,TU_020,MG_037,nascent
21,TU_021,MG_038,nascent
22,TU_022,MG_039,nascent
23,TU_023,MG_040,nascent
24,TU_024,MG_041,nascent
25,TU_025,MG_042 - MG_044,nascent
26,TU_026,MG_045,nascent
27,TU_027,MG_046 - MG_047,nascent
28,TU_028,MG_048,nascent
29,TU_029,MG_049 - MG_051,nascent
30,TU_030,MG_052 - MG_053,nascent
31,TU_031,"MG_054, MG_055, MG_473",nascent
32,TU_032,"MG_056, MG_057, MG_474",nascent
33,TU_033,MG_058,nascent
34,TU_034,MG_059,nascent
35,TU_035,MG_060,nascent
36,TU_036,MG_061,nascent
37,TU_037,MG475,nascent
38,TU_038,MG_062,nascent
39,TU_039,MG_063,nascent
40,TU_040,MG_064 - MG_065,nascent
41,TU_041,MG_066,nascent
42,TU_042,MG_067 - MG_068,nascent
43,TU_043,MG_069,nascent
44,TU_044,MG_070,nascent
45,TU_045,MG_071,nascent
46,TU_046,MG_072,nascent
47,TU_047,MG_073,nascent
48,TU_048,MG_074,nascent
49,TU_049,MG_075,nascent
50,TU_050,MG_076,nascent
51,TU_051,MG_077 - MG_080,nascent
52,TU_052,MG_081 - MG_082,nascent
53,TU_053,MG_083,nascent
54,TU_054,MG_084 - MG_085,nascent
55,TU_055,MG_086 - MG_089,nascent
56,TU_056,MG_090,nascent
57,TU_057,MG_091,nascent
58,TU_058,MG_092,nascent
59,TU_059,MG_093 - MG_095,nascent
60,TU_060,MG_096,nascent
61,TU_061,MG_097,nascent
62,TU_062,MG_098 - MG_100,nascent
63,TU_063,MG_101 - MG_103,nascent
64,TU_064,MG_476,nascent
65,TU_065,MG_104,nascent
66,TU_066,MG_105,nascent
67,TU_067,MG_106,nascent
68,TU_068,MG_107 - MG_110,nascent
69,TU_069,MG_111 - MG_112,nascent
70,TU_070,MG_113,nascent
71,TU_071,MG_114,nascent
72,TU_072,MG_115,nascent
73,TU_073,MG_116 - MG_118,nascent
74,TU_074,MG_119 - MG_122,nascent
75,TU_075,MG_123,nascent
76,TU_076,MG_124 - MG_125,nascent
77,TU_077,MG_126,nascent
78,TU_078,MG_127 - MG_128,nascent
79,TU_079,MG_129,nascent
80,TU_080,MG_130,nascent
81,TU_081,MG_131,nascent
82,TU_082,MG_132,nascent
83,TU_083,MG_133,nascent
84,TU_084,MG_134,nascent
85,TU_085,MG_135,nascent
86,TU_086,MG_136 - MG_138,nascent
87,TU_087,MG_139,nascent
88,TU_088,"MGrrnA16S, MGrrnA23S, MGrrnA5S",nascent
89,TU_089,MG_140,nascent
90,TU_090,MG_141,nascent
91,TU_091,MG_477,nascent
92,TU_092,MG_142 - MG_144,nascent
93,TU_093,MG_145,nascent
94,TU_094,MG_146,nascent
95,TU_095,MG_147,nascent
96,TU_096,MG_148,nascent
97,TU_097,MG_149,nascent
98,TU_098,MG_478,nascent
99,TU_099,MG_150,nascent
100,TU_100,MG_151,nascent
101,TU_101,MG_152 - MG_153,nascent
102,TU_102,MG_154 - MG_163,nascent
103,TU_103,MG_164,nascent
104,TU_104,MG_165 - MG_169,nascent
105,TU_105,MG_170 - MG_173,nascent
106,TU_106,MG_174,nascent
107,TU_107,MG_175 - MG_177,nascent
108,TU_108,MG_178,nascent
109,TU_109,MG_179,nascent
110,TU_110,MG_180,nascent
111,TU_111,MG_181,nascent
112,TU_112,MG_182,nascent
113,TU_113,MG_183 - MG_184,nascent
114,TU_114,MG_185,nascent
115,TU_115,MG_186,nascent
116,TU_116,MG_187 - MG_189,nascent
117,TU_117,MG_190,nascent
118,TU_118,MG_191 - MG_192,nascent
119,TU_119,MG_194 - MG_195,nascent
120,TU_120,MG_196 - MG_198,nascent
121,TU_121,MG_199,nascent
122,TU_122,MG_200 - MG_202,nascent
123,TU_123,MG479,nascent
124,TU_124,MG_203 - MG_204,nascent
125,TU_125,MG_205,nascent
126,TU_126,MG_206,nascent
127,TU_127,MG_207,nascent
128,TU_128,MG_208 - MG_210,nascent
129,TU_129,MG_480,nascent
130,TU_130,MG_481,nascent
131,TU_131,"MG_211, MG_212, MG_482",nascent
132,TU_132,MG_213 - MG_214,nascent
133,TU_133,MG_215 - MG_216,nascent
134,TU_134,MG483,nascent
135,TU_135,MG484,nascent
136,TU_136,MG485,nascent
137,TU_137,MG486,nascent
138,TU_138,MG487,nascent
139,TU_139,MG488,nascent
140,TU_140,MG489,nascent
141,TU_141,MG490,nascent
142,TU_142,MG_217,nascent
143,TU_143,"MG_218, MG_491",nascent
144,TU_144,MG_219,nascent
145,TU_145,MG_220,nascent
146,TU_146,MG492,nascent
147,TU_147,MG_221 - MG_223,nascent
148,TU_148,MG_224,nascent
149,TU_149,MG_225 - MG_226,nascent
150,TU_150,MG_227,nascent
151,TU_151,MG_228 - MG_231,nascent
152,TU_152,MG_232 - MG_236,nascent
153,TU_153,MG_237,nascent
154,TU_154,MG_238,nascent
155,TU_155,MG_239,nascent
156,TU_156,MG_240,nascent
157,TU_157,MG_241,nascent
158,TU_158,MG_242,nascent
159,TU_159,MG_243 - MG_244,nascent
160,TU_160,MG_245,nascent
161,TU_161,MG_246,nascent
162,TU_162,MG_247,nascent
163,TU_163,MG_248 - MG_249,nascent
164,TU_164,MG_250 - MG_251,nascent
165,TU_165,MG_252 - MG_254,nascent
166,TU_166,MG493,nascent
167,TU_167,"MG_255, MG_494",nascent
168,TU_168,MG495 - MG496,nascent
169,TU_169,MG_256,nascent
170,TU_170,MG_257 - MG_259,nascent
171,TU_171,MG_260,nascent
172,TU_172,MG497,nascent
173,TU_173,"MG_261, MG_262, MG_498",nascent
174,TU_174,MG_263,nascent
175,TU_175,MG_264,nascent
176,TU_176,MG_265 - MG_267,nascent
177,TU_177,MG_268,nascent
178,TU_178,MG_0001,nascent
179,TU_179,MG_269,nascent
180,TU_180,MG_270 - MG_272,nascent
181,TU_181,MG_0002,nascent
182,TU_182,MG_273 - MG_275,nascent
183,TU_183,MG_276,nascent
184,TU_184,MG_277,nascent
185,TU_185,MG_278,nascent
186,TU_186,MG_279 - MG_281,nascent
187,TU_187,MG499 - MG501,nascent
188,TU_188,MG502,nascent
189,TU_189,MG503,nascent
190,TU_190,MG_282,nascent
191,TU_191,MG_283,nascent
192,TU_192,MG_284 - MG_286,nascent
193,TU_193,MG_287,nascent
194,TU_194,MG504,nascent
195,TU_195,MG_288,nascent
196,TU_196,MG_289 - MG_291,nascent
197,TU_197,MG_505,nascent
198,TU_198,MG_292 - MG_294,nascent
199,TU_199,MG_295,nascent
200,TU_200,MG_296,nascent
201,TU_201,MG_297,nascent
202,TU_202,MG_298,nascent
203,TU_203,MG_299,nascent
204,TU_204,MG_300 - MG_301,nascent
205,TU_205,MG_302,nascent
206,TU_206,MG_303,nascent
207,TU_207,MG_304,nascent
208,TU_208,MG_305,nascent
209,TU_209,MG_306,nascent
210,TU_210,MG_307,nascent
211,TU_211,MG_308 - MG_309,nascent
212,TU_212,MG_310,nascent
213,TU_213,MG_311,nascent
214,TU_214,MG_312,nascent
215,TU_215,MG_313 - MG_315,nascent
216,TU_216,MG_316,nascent
217,TU_217,MG_317 - MG_318,nascent
218,TU_218,MG_319,nascent
219,TU_219,MG_320,nascent
220,TU_220,MG506,nascent
221,TU_221,MG507,nascent
222,TU_222,MG_321,nascent
223,TU_223,MG508 - MG514,nascent
224,TU_224,MG_322,nascent
225,TU_225,MG_323,nascent
226,TU_226,MG_0003,nascent
227,TU_227,MG_0004,nascent
228,TU_228,"MG_324, MG_325, MG_515",nascent
229,TU_229,MG_326,nascent
230,TU_230,MG_327,nascent
231,TU_231,MG_328,nascent
232,TU_232,MG_329,nascent
233,TU_233,MG_330 - MG_333,nascent
234,TU_234,MG_334,nascent
235,TU_235,MG_335,nascent
236,TU_236,MG_516,nascent
237,TU_237,MG_517,nascent
238,TU_238,MG_336,nascent
239,TU_239,MG_337,nascent
240,TU_240,MG_338,nascent
241,TU_241,MG_339,nascent
242,TU_242,MG_340 - MG_341,nascent
243,TU_243,MG_342,nascent
244,TU_244,MG_343,nascent
245,TU_245,MG_344,nascent
246,TU_246,MG_345,nascent
247,TU_247,MG_346 - MG_347,nascent
248,TU_248,MG518,nascent
249,TU_249,MG_348,nascent
250,TU_250,MG519,nascent
251,TU_251,MG_349 - MG_350,nascent
252,TU_252,MG520,nascent
253,TU_253,MG_521,nascent
254,TU_254,MG_351,nascent
255,TU_255,MG_352,nascent
256,TU_256,MG_353,nascent
257,TU_257,MG_354,nascent
258,TU_258,MG_355,nascent
259,TU_259,MG_356,nascent
260,TU_260,MG_357,nascent
261,TU_261,MG_358 - MG_359,nascent
262,TU_262,MG_360,nascent
263,TU_263,MG_361 - MG_363,nascent
264,TU_264,MG_522,nascent
265,TU_265,MG_364,nascent
266,TU_266,MG_365,nascent
267,TU_267,MG_366,nascent
268,TU_268,MG_367 - MG_369,nascent
269,TU_269,MG_370,nascent
270,TU_270,MG_371,nascent
271,TU_271,MG_372 - MG_375,nascent
272,TU_272,MG_376,nascent
273,TU_273,MG_377,nascent
274,TU_274,MG_378,nascent
275,TU_275,MG_379 - MG_381,nascent
276,TU_276,MG523,nascent
277,TU_277,MG_382,nascent
278,TU_278,MG_383,nascent
279,TU_279,MG_384,nascent
280,TU_280,"MG_385, MG_524",nascent
281,TU_281,MG_386,nascent
282,TU_282,MG_387 - MG_388,nascent
283,TU_283,MG_389,nascent
284,TU_284,MG_390,nascent
285,TU_285,MG_391 - MG_393,nascent
286,TU_286,MG_394,nascent
287,TU_287,MG_395,nascent
288,TU_288,MG_396 - MG_397,nascent
289,TU_289,MG_398,nascent
290,TU_290,MG_399,nascent
291,TU_291,MG_400 - MG_401,nascent
292,TU_292,MG_402 - MG_405,nascent
293,TU_293,MG_406,nascent
294,TU_294,MG_407,nascent
295,TU_295,MG_408,nascent
296,TU_296,MG_409 - MG_412,nascent
297,TU_297,MG_414,nascent
298,TU_298,MG_525,nascent
299,TU_299,MG_417,nascent
300,TU_300,MG_418,nascent
301,TU_301,"MG_419, MG_421, MG_422, MG_423",nascent
302,TU_302,MG_424,nascent
303,TU_303,MG_425,nascent
304,TU_304,MG_426,nascent
305,TU_305,MG_427,nascent
306,TU_306,MG_428,nascent
307,TU_307,MG_429 - MG_431,nascent
308,TU_308,MG_432,nascent
309,TU_309,MG_433,nascent
310,TU_310,MG_434,nascent
311,TU_311,MG_435,nascent
312,TU_312,MG_437,nascent
313,TU_313,MG_438,nascent
314,TU_314,MG_439,nascent
315,TU_315,MG_440 - MG_441,nascent
316,TU_316,MG_442 - MG_443,nascent
317,TU_317,MG_444 - MG_446,nascent
318,TU_318,MG_447,nascent
319,TU_319,MG_448,nascent
320,TU_320,MG_449,nascent
321,TU_321,MG_450 - MG_451,nascent
322,TU_322,MG_452 - MG_453,nascent
323,TU_323,MG_454,nascent
324,TU_324,MG_455,nascent
325,TU_325,MG_456,nascent
326,TU_326,MG_457,nascent
327,TU_327,MG_458,nascent
328,TU_328,MG_459,nascent
329,TU_329,MG_460,nascent
330,TU_330,MG_461 - MG_462,nascent
331,TU_331,MG_463 - MG_465,nascent
332,TU_332,MG_466,nascent
333,TU_333,MG_467 - MG_468,nascent
334,TU_334,MG_526,nascent
335,TU_335,MG_469 - MG_470,nascent
336,TU_001,MG_001 - MG_002,processed
337,TU_002,MG_003 - MG_004,processed
338,TU_003,MG_005 - MG_009,processed
339,TU_004,MG_010,processed
340,TU_005,MG_011 - MG_012,processed
341,TU_006,MG_013,processed
342,MG471,,processed
343,MG472,,processed
344,TU_008,MG_014 - MG_015,processed
345,TU_009,MG_018,processed
346,TU_010,MG_019 - MG_021,processed
347,TU_011,MG_022 - MG_024,processed
348,TU_012,MG_025,processed
349,TU_013,MG_026 - MG_028,processed
350,TU_014,MG_029 - MG_031,processed
351,TU_015,MG_032,processed
352,TU_016,MG_033,processed
353,TU_017,MG_034,processed
354,TU_018,MG_035,processed
355,TU_019,MG_036,processed
356,TU_020,MG_037,processed
357,TU_021,MG_038,processed
358,TU_022,MG_039,processed
359,TU_023,MG_040,processed
360,TU_024,MG_041,processed
361,TU_025,MG_042 - MG_044,processed
362,TU_026,MG_045,processed
363,TU_027,MG_046 - MG_047,processed
364,TU_028,MG_048,processed
365,TU_029,MG_049 - MG_051,processed
366,TU_030,MG_052 - MG_053,processed
367,TU_031,"MG_054, MG_055, MG_473",processed
368,TU_032,"MG_056, MG_057, MG_474",processed
369,TU_033,MG_058,processed
370,TU_034,MG_059,processed
371,TU_035,MG_060,processed
372,TU_036,MG_061,processed
373,MG475,,processed
374,TU_038,MG_062,processed
375,TU_039,MG_063,processed
376,TU_040,MG_064 - MG_065,processed
377,TU_041,MG_066,processed
378,TU_042,MG_067 - MG_068,processed
379,TU_043,MG_069,processed
380,TU_044,MG_070,processed
381,TU_045,MG_071,processed
382,TU_046,MG_072,processed
383,TU_047,MG_073,processed
384,TU_048,MG_074,processed
385,TU_049,MG_075,processed
386,TU_050,MG_076,processed
387,TU_051,MG_077 - MG_080,processed
388,TU_052,MG_081 - MG_082,processed
389,TU_053,MG_083,processed
390,TU_054,MG_084 - MG_085,processed
391,TU_055,MG_086 - MG_089,processed
392,TU_056,MG_090,processed
393,TU_057,MG_091,processed
394,TU_058,MG_092,processed
395,TU_059,MG_093 - MG_095,processed
396,TU_060,MG_096,processed
397,TU_061,MG_097,processed
398,TU_062,MG_098 - MG_100,processed
399,TU_063,MG_101 - MG_103,processed
400,TU_064,MG_476,processed
401,TU_065,MG_104,processed
402,TU_066,MG_105,processed
403,TU_067,MG_106,processed
404,TU_068,MG_107 - MG_110,processed
405,TU_069,MG_111 - MG_112,processed
406,TU_070,MG_113,processed
407,TU_071,MG_114,processed
408,TU_072,MG_115,processed
409,TU_073,MG_116 - MG_118,processed
410,TU_074,MG_119 - MG_122,processed
411,TU_075,MG_123,processed
412,TU_076,MG_124 - MG_125,processed
413,TU_077,MG_126,processed
414,TU_078,MG_127 - MG_128,processed
415,TU_079,MG_129,processed
416,TU_080,MG_130,processed
417,TU_081,MG_131,processed
418,TU_082,MG_132,processed
419,TU_083,MG_133,processed
420,TU_084,MG_134,processed
421,TU_085,MG_135,processed
422,TU_086,MG_136 - MG_138,processed
423,TU_087,MG_139,processed
424,MGrrnA16S,16S ribosomal rRNA,processed
425,MGrrnA23S,23S ribosomal rRNA,processed
426,MGrrnA5S,5S ribosomal rRNA,processed
427,TU_089,MG_140,processed
428,TU_090,MG_141,processed
429,TU_091,MG_477,processed
430,TU_092,MG_142 - MG_144,processed
431,TU_093,MG_145,processed
432,TU_094,MG_146,processed
433,TU_095,MG_147,processed
434,TU_096,MG_148,processed
435,TU_097,MG_149,processed
436,TU_098,MG_478,processed
437,TU_099,MG_150,processed
438,TU_100,MG_151,processed
439,TU_101,MG_152 - MG_153,processed
440,TU_102,MG_154 - MG_163,processed
441,TU_103,MG_164,processed
442,TU_104,MG_165 - MG_169,processed
443,TU_105,MG_170 - MG_173,processed
444,TU_106,MG_174,processed
445,TU_107,MG_175 - MG_177,processed
446,TU_108,MG_178,processed
447,TU_109,MG_179,processed
448,TU_110,MG_180,processed
449,TU_111,MG_181,processed
450,TU_112,MG_182,processed
451,TU_113,MG_183 - MG_184,processed
452,TU_114,MG_185,processed
453,TU_115,MG_186,processed
454,TU_116,MG_187 - MG_189,processed
455,TU_117,MG_190,processed
456,TU_118,MG_191 - MG_192,processed
457,TU_119,MG_194 - MG_195,processed
458,TU_120,MG_196 - MG_198,processed
459,TU_121,MG_199,processed
460,TU_122,MG_200 - MG_202,processed
461,MG479,,processed
462,TU_124,MG_203 - MG_204,processed
463,TU_125,MG_205,processed
464,TU_126,MG_206,processed
465,TU_127,MG_207,processed
466,TU_128,MG_208 - MG_210,processed
467,TU_129,MG_480,processed
468,TU_130,MG_481,processed
469,TU_131,"MG_211, MG_212, MG_482",processed
470,TU_132,MG_213 - MG_214,processed
471,TU_133,MG_215 - MG_216,processed
472,MG483,,processed
473,MG484,,processed
474,MG485,,processed
475,MG486,,processed
476,MG487,,processed
477,MG488,,processed
478,MG489,,processed
479,MG490,,processed
480,TU_142,MG_217,processed
481,TU_143,"MG_218, MG_491",processed
482,TU_144,MG_219,processed
483,TU_145,MG_220,processed
484,MG492,,processed
485,TU_147,MG_221 - MG_223,processed
486,TU_148,MG_224,processed
487,TU_149,MG_225 - MG_226,processed
488,TU_150,MG_227,processed
489,TU_151,MG_228 - MG_231,processed
490,TU_152,MG_232 - MG_236,processed
491,TU_153,MG_237,processed
492,TU_154,MG_238,processed
493,TU_155,MG_239,processed
494,TU_156,MG_240,processed
495,TU_157,MG_241,processed
496,TU_158,MG_242,processed
497,TU_159,MG_243 - MG_244,processed
498,TU_160,MG_245,processed
499,TU_161,MG_246,processed
500,TU_162,MG_247,processed
501,TU_163,MG_248 - MG_249,processed
502,TU_164,MG_250 - MG_251,processed
503,TU_165,MG_252 - MG_254,processed
504,MG493,,processed
505,TU_167,"MG_255, MG_494",processed
506,MG495,,processed
507,MG496,,processed
508,TU_169,MG_256,processed
509,TU_170,MG_257 - MG_259,processed
510,TU_171,MG_260,processed
511,MG497,,processed
512,TU_173,"MG_261, MG_262, MG_498",processed
513,TU_174,MG_263,processed
514,TU_175,MG_264,processed
515,TU_176,MG_265 - MG_267,processed
516,TU_177,MG_268,processed
517,MG_0001,"scRNA, signal recognition particle 4.5S RNA, MCS1",processed
518,TU_179,MG_269,processed
519,TU_180,MG_270 - MG_272,processed
520,MG_0002,MG170 RNA,processed
521,TU_182,MG_273 - MG_275,processed
522,TU_183,MG_276,processed
523,TU_184,MG_277,processed
524,TU_185,MG_278,processed
525,TU_186,MG_279 - MG_281,processed
526,MG499,,processed
527,MG500,,processed
528,MG501,,processed
529,MG502,,processed
530,MG503,,processed
531,TU_190,MG_282,processed
532,TU_191,MG_283,processed
533,TU_192,MG_284 - MG_286,processed
534,TU_193,MG_287,processed
535,MG504,,processed
536,TU_195,MG_288,processed
537,TU_196,MG_289 - MG_291,processed
538,TU_197,MG_505,processed
539,TU_198,MG_292 - MG_294,processed
540,TU_199,MG_295,processed
541,TU_200,MG_296,processed
542,TU_201,MG_297,processed
543,TU_202,MG_298,processed
544,TU_203,MG_299,processed
545,TU_204,MG_300 - MG_301,processed
546,TU_205,MG_302,processed
547,TU_206,MG_303,processed
548,TU_207,MG_304,processed
549,TU_208,MG_305,processed
550,TU_209,MG_306,processed
551,TU_210,MG_307,processed
552,TU_211,MG_308 - MG_309,processed
553,TU_212,MG_310,processed
554,TU_213,MG_311,processed
555,TU_214,MG_312,processed
556,TU_215,MG_313 - MG_315,processed
557,TU_216,MG_316,processed
558,TU_217,MG_317 - MG_318,processed
559,TU_218,MG_319,processed
560,TU_219,MG_320,processed
561,MG506,,processed
562,MG507,,processed
563,TU_222,MG_321,processed
564,MG508,,processed
565,MG509,,processed
566,MG510,,processed
567,MG511,,processed
568,MG512,,processed
569,MG513,,processed
570,MG514,,processed
571,TU_224,MG_322,processed
572,TU_225,MG_323,processed
573,MG_0003,"Rnase P RNA, MCS5, M1 RNA",processed
574,MG_0004,"transfer-messenger RNA, tmRNA, MCS6, 10Sa RNA",processed
575,TU_228,"MG_324, MG_325, MG_515",processed
576,TU_229,MG_326,processed
577,TU_230,MG_327,processed
578,TU_231,MG_328,processed
579,TU_232,MG_329,processed
580,TU_233,MG_330 - MG_333,processed
581,TU_234,MG_334,processed
582,TU_235,MG_335,processed
583,TU_236,MG_516,processed
584,TU_237,MG_517,processed
585,TU_238,MG_336,processed
586,TU_239,MG_337,processed
587,TU_240,MG_338,processed
588,TU_241,MG_339,processed
589,TU_242,MG_340 - MG_341,processed
590,TU_243,MG_342,processed
591,TU_244,MG_343,processed
592,TU_245,MG_344,processed
593,TU_246,MG_345,processed
594,TU_247,MG_346 - MG_347,processed
595,MG518,,processed
596,TU_249,MG_348,processed
597,MG519,,processed
598,TU_251,MG_349 - MG_350,processed
599,MG520,,processed
600,TU_253,MG_521,processed
601,TU_254,MG_351,processed
602,TU_255,MG_352,processed
603,TU_256,MG_353,processed
604,TU_257,MG_354,processed
605,TU_258,MG_355,processed
606,TU_259,MG_356,processed
607,TU_260,MG_357,processed
608,TU_261,MG_358 - MG_359,processed
609,TU_262,MG_360,processed
610,TU_263,MG_361 - MG_363,processed
611,TU_264,MG_522,processed
612,TU_265,MG_364,processed
613,TU_266,MG_365,processed
614,TU_267,MG_366,processed
615,TU_268,MG_367 - MG_369,processed
616,TU_269,MG_370,processed
617,TU_270,MG_371,processed
618,TU_271,MG_372 - MG_375,processed
619,TU_272,MG_376,processed
620,TU_273,MG_377,processed
621,TU_274,MG_378,processed
622,TU_275,MG_379 - MG_381,processed
623,MG523,,processed
624,TU_277,MG_382,processed
625,TU_278,MG_383,processed
626,TU_279,MG_384,processed
627,TU_280,"MG_385, MG_524",processed
628,TU_281,MG_386,processed
629,TU_282,MG_387 - MG_388,processed
630,TU_283,MG_389,processed
631,TU_284,MG_390,processed
632,TU_285,MG_391 - MG_393,processed
633,TU_286,MG_394,processed
634,TU_287,MG_395,processed
635,TU_288,MG_396 - MG_397,processed
636,TU_289,MG_398,processed
637,TU_290,MG_399,processed
638,TU_291,MG_400 - MG_401,processed
639,TU_292,MG_402 - MG_405,processed
640,TU_293,MG_406,processed
641,TU_294,MG_407,processed
642,TU_295,MG_408,processed
643,TU_296,MG_409 - MG_412,processed
644,TU_297,MG_414,processed
645,TU_298,MG_525,processed
646,TU_299,MG_417,processed
647,TU_300,MG_418,processed
648,TU_301,"MG_419, MG_421, MG_422, MG_423",processed
649,TU_302,MG_424,processed
650,TU_303,MG_425,processed
651,TU_304,MG_426,processed
652,TU_305,MG_427,processed
653,TU_306,MG_428,processed
654,TU_307,MG_429 - MG_431,processed
655,TU_308,MG_432,processed
656,TU_309,MG_433,processed
657,TU_310,MG_434,processed
658,TU_311,MG_435,processed
659,TU_312,MG_437,processed
660,TU_313,MG_438,processed
661,TU_314,MG_439,processed
662,TU_315,MG_440 - MG_441,processed
663,TU_316,MG_442 - MG_443,processed
664,TU_317,MG_444 - MG_446,processed
665,TU_318,MG_447,processed
666,TU_319,MG_448,processed
667,TU_320,MG_449,processed
668,TU_321,MG_450 - MG_451,processed
669,TU_322,MG_452 - MG_453,processed
670,TU_323,MG_454,processed
671,TU_324,MG_455,processed
672,TU_325,MG_456,processed
673,TU_326,MG_457,processed
674,TU_327,MG_458,processed
675,TU_328,MG_459,processed
676,TU_329,MG_460,processed
677,TU_330,MG_461 - MG_462,processed
678,TU_331,MG_463 - MG_465,processed
679,TU_332,MG_466,processed
680,TU_333,MG_467 - MG_468,processed
681,TU_334,MG_526,processed
682,TU_335,MG_469 - MG_470,processed
683,TU_007,MG471 - MG472,intergenic
684,TU_088,"MGrrnA16S, MGrrnA23S, MGrrnA5S",intergenic
685,TU_088,"MGrrnA16S, MGrrnA23S, MGrrnA5S",intergenic
686,TU_168,MG495 - MG496,intergenic
687,TU_187,MG499 - MG501,intergenic
688,TU_223,MG508 - MG514,intergenic
689,TU_223,MG508 - MG514,intergenic
690,TU_223,MG508 - MG514,intergenic
691,TU_223,MG508 - MG514,intergenic
692,TU_223,MG508 - MG514,intergenic
693,TU_223,MG508 - MG514,intergenic
694,TU_001,MG_001 - MG_002,mature
695,TU_002,MG_003 - MG_004,mature
696,TU_003,MG_005 - MG_009,mature
697,TU_004,MG_010,mature
698,TU_005,MG_011 - MG_012,mature
699,TU_006,MG_013,mature
700,MG471,,mature
701,MG472,,mature
702,TU_008,MG_014 - MG_015,mature
703,TU_009,MG_018,mature
704,TU_010,MG_019 - MG_021,mature
705,TU_011,MG_022 - MG_024,mature
706,TU_012,MG_025,mature
707,TU_013,MG_026 - MG_028,mature
708,TU_014,MG_029 - MG_031,mature
709,TU_015,MG_032,mature
710,TU_016,MG_033,mature
711,TU_017,MG_034,mature
712,TU_018,MG_035,mature
713,TU_019,MG_036,mature
714,TU_020,MG_037,mature
715,TU_021,MG_038,mature
716,TU_022,MG_039,mature
717,TU_023,MG_040,mature
718,TU_024,MG_041,mature
719,TU_025,MG_042 - MG_044,mature
720,TU_026,MG_045,mature
721,TU_027,MG_046 - MG_047,mature
722,TU_028,MG_048,mature
723,TU_029,MG_049 - MG_051,mature
724,TU_030,MG_052 - MG_053,mature
725,TU_031,"MG_054, MG_055, MG_473",mature
726,TU_032,"MG_056, MG_057, MG_474",mature
727,TU_033,MG_058,mature
728,TU_034,MG_059,mature
729,TU_035,MG_060,mature
730,TU_036,MG_061,mature
731,MG475,,mature
732,TU_038,MG_062,mature
733,TU_039,MG_063,mature
734,TU_040,MG_064 - MG_065,mature
735,TU_041,MG_066,mature
736,TU_042,MG_067 - MG_068,mature
737,TU_043,MG_069,mature
738,TU_044,MG_070,mature
739,TU_045,MG_071,mature
740,TU_046,MG_072,mature
741,TU_047,MG_073,mature
742,TU_048,MG_074,mature
743,TU_049,MG_075,mature
744,TU_050,MG_076,mature
745,TU_051,MG_077 - MG_080,mature
746,TU_052,MG_081 - MG_082,mature
747,TU_053,MG_083,mature
748,TU_054,MG_084 - MG_085,mature
749,TU_055,MG_086 - MG_089,mature
750,TU_056,MG_090,mature
751,TU_057,MG_091,mature
752,TU_058,MG_092,mature
753,TU_059,MG_093 - MG_095,mature
754,TU_060,MG_096,mature
755,TU_061,MG_097,mature
756,TU_062,MG_098 - MG_100,mature
757,TU_063,MG_101 - MG_103,mature
758,TU_064,MG_476,mature
759,TU_065,MG_104,mature
760,TU_066,MG_105,mature
761,TU_067,MG_106,mature
762,TU_068,MG_107 - MG_110,mature
763,TU_069,MG_111 - MG_112,mature
764,TU_070,MG_113,mature
765,TU_071,MG_114,mature
766,TU_072,MG_115,mature
767,TU_073,MG_116 - MG_118,mature
768,TU_074,MG_119 - MG_122,mature
769,TU_075,MG_123,mature
770,TU_076,MG_124 - MG_125,mature
771,TU_077,MG_126,mature
772,TU_078,MG_127 - MG_128,mature
773,TU_079,MG_129,mature
774,TU_080,MG_130,mature
775,TU_081,MG_131,mature
776,TU_082,MG_132,mature
777,TU_083,MG_133,mature
778,TU_084,MG_134,mature
779,TU_085,MG_135,mature
780,TU_086,MG_136 - MG_138,mature
781,TU_087,MG_139,mature
782,MGrrnA16S,16S ribosomal rRNA,mature
783,MGrrnA23S,23S ribosomal rRNA,mature
784,MGrrnA5S,5S ribosomal rRNA,mature
785,TU_089,MG_140,mature
786,TU_090,MG_141,mature
787,TU_091,MG_477,mature
788,TU_092,MG_142 - MG_144,mature
789,TU_093,MG_145,mature
790,TU_094,MG_146,mature
791,TU_095,MG_147,mature
792,TU_096,MG_148,mature
793,TU_097,MG_149,mature
794,TU_098,MG_478,mature
795,TU_099,MG_150,mature
796,TU_100,MG_151,mature
797,TU_101,MG_152 - MG_153,mature
798,TU_102,MG_154 - MG_163,mature
799,TU_103,MG_164,mature
800,TU_104,MG_165 - MG_169,mature
801,TU_105,MG_170 - MG_173,mature
802,TU_106,MG_174,mature
803,TU_107,MG_175 - MG_177,mature
804,TU_108,MG_178,mature
805,TU_109,MG_179,mature
806,TU_110,MG_180,mature
807,TU_111,MG_181,mature
808,TU_112,MG_182,mature
809,TU_113,MG_183 - MG_184,mature
810,TU_114,MG_185,mature
811,TU_115,MG_186,mature
812,TU_116,MG_187 - MG_189,mature
813,TU_117,MG_190,mature
814,TU_118,MG_191 - MG_192,mature
815,TU_119,MG_194 - MG_195,mature
816,TU_120,MG_196 - MG_198,mature
817,TU_121,MG_199,mature
818,TU_122,MG_200 - MG_202,mature
819,MG479,,mature
820,TU_124,MG_203 - MG_204,mature
821,TU_125,MG_205,mature
822,TU_126,MG_206,mature
823,TU_127,MG_207,mature
824,TU_128,MG_208 - MG_210,mature
825,TU_129,MG_480,mature
826,TU_130,MG_481,mature
827,TU_131,"MG_211, MG_212, MG_482",mature
828,TU_132,MG_213 - MG_214,mature
829,TU_133,MG_215 - MG_216,mature
830,MG483,,mature
831,MG484,,mature
832,MG485,,mature
833,MG486,,mature
834,MG487,,mature
835,MG488,,mature
836,MG489,,mature
837,MG490,,mature
838,TU_142,MG_217,mature
839,TU_143,"MG_218, MG_491",mature
840,TU_144,MG_219,mature
841,TU_145,MG_220,mature
842,MG492,,mature
843,TU_147,MG_221 - MG_223,mature
844,TU_148,MG_224,mature
845,TU_149,MG_225 - MG_226,mature
846,TU_150,MG_227,mature
847,TU_151,MG_228 - MG_231,mature
848,TU_152,MG_232 - MG_236,mature
849,TU_153,MG_237,mature
850,TU_154,MG_238,mature
851,TU_155,MG_239,mature
852,TU_156,MG_240,mature
853,TU_157,MG_241,mature
854,TU_158,MG_242,mature
855,TU_159,MG_243 - MG_244,mature
856,TU_160,MG_245,mature
857,TU_161,MG_246,mature
858,TU_162,MG_247,mature
859,TU_163,MG_248 - MG_249,mature
860,TU_164,MG_250 - MG_251,mature
861,TU_165,MG_252 - MG_254,mature
862,MG493,,mature
863,TU_167,"MG_255, MG_494",mature
864,MG495,,mature
865,MG496,,mature
866,TU_169,MG_256,mature
867,TU_170,MG_257 - MG_259,mature
868,TU_171,MG_260,mature
869,MG497,,mature
870,TU_173,"MG_261, MG_262, MG_498",mature
871,TU_174,MG_263,mature
872,TU_175,MG_264,mature
873,TU_176,MG_265 - MG_267,mature
874,TU_177,MG_268,mature
875,MG_0001,"scRNA, signal recognition particle 4.5S RNA, MCS1",mature
876,TU_179,MG_269,mature
877,TU_180,MG_270 - MG_272,mature
878,MG_0002,MG170 RNA,mature
879,TU_182,MG_273 - MG_275,mature
880,TU_183,MG_276,mature
881,TU_184,MG_277,mature
882,TU_185,MG_278,mature
883,TU_186,MG_279 - MG_281,mature
884,MG499,,mature
885,MG500,,mature
886,MG501,,mature
887,MG502,,mature
888,MG503,,mature
889,TU_190,MG_282,mature
890,TU_191,MG_283,mature
891,TU_192,MG_284 - MG_286,mature
892,TU_193,MG_287,mature
893,MG504,,mature
894,TU_195,MG_288,mature
895,TU_196,MG_289 - MG_291,mature
896,TU_197,MG_505,mature
897,TU_198,MG_292 - MG_294,mature
898,TU_199,MG_295,mature
899,TU_200,MG_296,mature
900,TU_201,MG_297,mature
901,TU_202,MG_298,mature
902,TU_203,MG_299,mature
903,TU_204,MG_300 - MG_301,mature
904,TU_205,MG_302,mature
905,TU_206,MG_303,mature
906,TU_207,MG_304,mature
907,TU_208,MG_305,mature
908,TU_209,MG_306,mature
909,TU_210,MG_307,mature
910,TU_211,MG_308 - MG_309,mature
911,TU_212,MG_310,mature
912,TU_213,MG_311,mature
913,TU_214,MG_312,mature
914,TU_215,MG_313 - MG_315,mature
915,TU_216,MG_316,mature
916,TU_217,MG_317 - MG_318,mature
917,TU_218,MG_319,mature
918,TU_219,MG_320,mature
919,MG506,,mature
920,MG507,,mature
921,TU_222,MG_321,mature
922,MG508,,mature
923,MG509,,mature
924,MG510,,mature
925,MG511,,mature
926,MG512,,mature
927,MG513,,mature
928,MG514,,mature
929,TU_224,MG_322,mature
930,TU_225,MG_323,mature
931,MG_0003,"Rnase P RNA, MCS5, M1 RNA",mature
932,MG_0004,"transfer-messenger RNA, tmRNA, MCS6, 10Sa RNA",mature
933,TU_228,"MG_324, MG_325, MG_515",mature
934,TU_229,MG_326,mature
935,TU_230,MG_327,mature
936,TU_231,MG_328,mature
937,TU_232,MG_329,mature
938,TU_233,MG_330 - MG_333,mature
939,TU_234,MG_334,mature
940,TU_235,MG_335,mature
941,TU_236,MG_516,mature
942,TU_237,MG_517,mature
943,TU_238,MG_336,mature
944,TU_239,MG_337,mature
945,TU_240,MG_338,mature
946,TU_241,MG_339,mature
947,TU_242,MG_340 - MG_341,mature
948,TU_243,MG_342,mature
949,TU_244,MG_343,mature
950,TU_245,MG_344,mature
951,TU_246,MG_345,mature
952,TU_247,MG_346 - MG_347,mature
953,MG518,,mature
954,TU_249,MG_348,mature
955,MG519,,mature
956,TU_251,MG_349 - MG_350,mature
957,MG520,,mature
958,TU_253,MG_521,mature
959,TU_254,MG_351,mature
960,TU_255,MG_352,mature
961,TU_256,MG_353,mature
962,TU_257,MG_354,mature
963,TU_258,MG_355,mature
964,TU_259,MG_356,mature
965,TU_260,MG_357,mature
966,TU_261,MG_358 - MG_359,mature
967,TU_262,MG_360,mature
968,TU_263,MG_361 - MG_363,mature
969,TU_264,MG_522,mature
970,TU_265,MG_364,mature
971,TU_266,MG_365,mature
972,TU_267,MG_366,mature
973,TU_268,MG_367 - MG_369,mature
974,TU_269,MG_370,mature
975,TU_270,MG_371,mature
976,TU_271,MG_372 - MG_375,mature
977,TU_272,MG_376,mature
978,TU_273,MG_377,mature
979,TU_274,MG_378,mature
980,TU_275,MG_379 - MG_381,mature
981,MG523,,mature
982,TU_277,MG_382,mature
983,TU_278,MG_383,mature
984,TU_279,MG_384,mature
985,TU_280,"MG_385, MG_524",mature
986,TU_281,MG_386,mature
987,TU_282,MG_387 - MG_388,mature
988,TU_283,MG_389,mature
989,TU_284,MG_390,mature
990,TU_285,MG_391 - MG_393,mature
991,TU_286,MG_394,mature
992,TU_287,MG_395,mature
993,TU_288,MG_396 - MG_397,mature
994,TU_289,MG_398,mature
995,TU_290,MG_399,mature
996,TU_291,MG_400 - MG_401,mature
997,TU_292,MG_402 - MG_405,mature
998,TU_293,MG_406,mature
999,TU_294,MG_407,mature
1000,TU_295,MG_408,mature
1001,TU_296,MG_409 - MG_412,mature
1002,TU_297,MG_414,mature
1003,TU_298,MG_525,mature
1004,TU_299,MG_417,mature
1005,TU_300,MG_418,mature
1006,TU_301,"MG_419, MG_421, MG_422, MG_423",mature
1007,TU_302,MG_424,mature
1008,TU_303,MG_425,mature
1009,TU_304,MG_426,mature
1010,TU_305,MG_427,mature
1011,TU_306,MG_428,mature
1012,TU_307,MG_429 - MG_431,mature
1013,TU_308,MG_432,mature
1014,TU_309,MG_433,mature
1015,TU_310,MG_434,mature
1016,TU_311,MG_435,mature
1017,TU_312,MG_437,mature
1018,TU_313,MG_438,mature
1019,TU_314,MG_439,mature
1020,TU_315,MG_440 - MG_441,mature
1021,TU_316,MG_442 - MG_443,mature
1022,TU_317,MG_444 - MG_446,mature
1023,TU_318,MG_447,mature
1024,TU_319,MG_448,mature
1025,TU_320,MG_449,mature
1026,TU_321,MG_450 - MG_451,mature
1027,TU_322,MG_452 - MG_453,mature
1028,TU_323,MG_454,mature
1029,TU_324,MG_455,mature
1030,TU_325,MG_456,mature
1031,TU_326,MG_457,mature
1032,TU_327,MG_458,mature
1033,TU_328,MG_459,mature
1034,TU_329,MG_460,mature
1035,TU_330,MG_461 - MG_462,mature
1036,TU_331,MG_463 - MG_465,mature
1037,TU_332,MG_466,mature
1038,TU_333,MG_467 - MG_468,mature
1039,TU_334,MG_526,mature
1040,TU_335,MG_469 - MG_470,mature
1041,TU_001,MG_001 - MG_002,bound
1042,TU_002,MG_003 - MG_004,bound
1043,TU_003,MG_005 - MG_009,bound
1044,TU_004,MG_010,bound
1045,TU_005,MG_011 - MG_012,bound
1046,TU_006,MG_013,bound
1047,MG471,,bound
1048,MG472,,bound
1049,TU_008,MG_014 - MG_015,bound
1050,TU_009,MG_018,bound
1051,TU_010,MG_019 - MG_021,bound
1052,TU_011,MG_022 - MG_024,bound
1053,TU_012,MG_025,bound
1054,TU_013,MG_026 - MG_028,bound
1055,TU_014,MG_029 - MG_031,bound
1056,TU_015,MG_032,bound
1057,TU_016,MG_033,bound
1058,TU_017,MG_034,bound
1059,TU_018,MG_035,bound
1060,TU_019,MG_036,bound
1061,TU_020,MG_037,bound
1062,TU_021,MG_038,bound
1063,TU_022,MG_039,bound
1064,TU_023,MG_040,bound
1065,TU_024,MG_041,bound
1066,TU_025,MG_042 - MG_044,bound
1067,TU_026,MG_045,bound
1068,TU_027,MG_046 - MG_047,bound
1069,TU_028,MG_048,bound
1070,TU_029,MG_049 - MG_051,bound
1071,TU_030,MG_052 - MG_053,bound
1072,TU_031,"MG_054, MG_055, MG_473",bound
1073,TU_032,"MG_056, MG_057, MG_474",bound
1074,TU_033,MG_058,bound
1075,TU_034,MG_059,bound
1076,TU_035,MG_060,bound
1077,TU_036,MG_061,bound
1078,MG475,,bound
1079,TU_038,MG_062,bound
1080,TU_039,MG_063,bound
1081,TU_040,MG_064 - MG_065,bound
1082,TU_041,MG_066,bound
1083,TU_042,MG_067 - MG_068,bound
1084,TU_043,MG_069,bound
1085,TU_044,MG_070,bound
1086,TU_045,MG_071,bound
1087,TU_046,MG_072,bound
1088,TU_047,MG_073,bound
1089,TU_048,MG_074,bound
1090,TU_049,MG_075,bound
1091,TU_050,MG_076,bound
1092,TU_051,MG_077 - MG_080,bound
1093,TU_052,MG_081 - MG_082,bound
1094,TU_053,MG_083,bound
1095,TU_054,MG_084 - MG_085,bound
1096,TU_055,MG_086 - MG_089,bound
1097,TU_056,MG_090,bound
1098,TU_057,MG_091,bound
1099,TU_058,MG_092,bound
1100,TU_059,MG_093 - MG_095,bound
1101,TU_060,MG_096,bound
1102,TU_061,MG_097,bound
1103,TU_062,MG_098 - MG_100,bound
1104,TU_063,MG_101 - MG_103,bound
1105,TU_064,MG_476,bound
1106,TU_065,MG_104,bound
1107,TU_066,MG_105,bound
1108,TU_067,MG_106,bound
1109,TU_068,MG_107 - MG_110,bound
1110,TU_069,MG_111 - MG_112,bound
1111,TU_070,MG_113,bound
1112,TU_071,MG_114,bound
1113,TU_072,MG_115,bound
1114,TU_073,MG_116 - MG_118,bound
1115,TU_074,MG_119 - MG_122,bound
1116,TU_075,MG_123,bound
1117,TU_076,MG_124 - MG_125,bound
1118,TU_077,MG_126,bound
1119,TU_078,MG_127 - MG_128,bound
1120,TU_079,MG_129,bound
1121,TU_080,MG_130,bound
1122,TU_081,MG_131,bound
1123,TU_082,MG_132,bound
1124,TU_083,MG_133,bound
1125,TU_084,MG_134,bound
1126,TU_085,MG_135,bound
1127,TU_086,MG_136 - MG_138,bound
1128,TU_087,MG_139,bound
1129,MGrrnA16S,16S ribosomal rRNA,bound
1130,MGrrnA23S,23S ribosomal rRNA,bound
1131,MGrrnA5S,5S ribosomal rRNA,bound
1132,TU_089,MG_140,bound
1133,TU_090,MG_141,bound
1134,TU_091,MG_477,bound
1135,TU_092,MG_142 - MG_144,bound
1136,TU_093,MG_145,bound
1137,TU_094,MG_146,bound
1138,TU_095,MG_147,bound
1139,TU_096,MG_148,bound
1140,TU_097,MG_149,bound
1141,TU_098,MG_478,bound
1142,TU_099,MG_150,bound
1143,TU_100,MG_151,bound
1144,TU_101,MG_152 - MG_153,bound
1145,TU_102,MG_154 - MG_163,bound
1146,TU_103,MG_164,bound
1147,TU_104,MG_165 - MG_169,bound
1148,TU_105,MG_170 - MG_173,bound
1149,TU_106,MG_174,bound
1150,TU_107,MG_175 - MG_177,bound
1151,TU_108,MG_178,bound
1152,TU_109,MG_179,bound
1153,TU_110,MG_180,bound
1154,TU_111,MG_181,bound
1155,TU_112,MG_182,bound
1156,TU_113,MG_183 - MG_184,bound
1157,TU_114,MG_185,bound
1158,TU_115,MG_186,bound
1159,TU_116,MG_187 - MG_189,bound
1160,TU_117,MG_190,bound
1161,TU_118,MG_191 - MG_192,bound
1162,TU_119,MG_194 - MG_195,bound
1163,TU_120,MG_196 - MG_198,bound
1164,TU_121,MG_199,bound
1165,TU_122,MG_200 - MG_202,bound
1166,MG479,,bound
1167,TU_124,MG_203 - MG_204,bound
1168,TU_125,MG_205,bound
1169,TU_126,MG_206,bound
1170,TU_127,MG_207,bound
1171,TU_128,MG_208 - MG_210,bound
1172,TU_129,MG_480,bound
1173,TU_130,MG_481,bound
1174,TU_131,"MG_211, MG_212, MG_482",bound
1175,TU_132,MG_213 - MG_214,bound
1176,TU_133,MG_215 - MG_216,bound
1177,MG483,,bound
1178,MG484,,bound
1179,MG485,,bound
1180,MG486,,bound
1181,MG487,,bound
1182,MG488,,bound
1183,MG489,,bound
1184,MG490,,bound
1185,TU_142,MG_217,bound
1186,TU_143,"MG_218, MG_491",bound
1187,TU_144,MG_219,bound
1188,TU_145,MG_220,bound
1189,MG492,,bound
1190,TU_147,MG_221 - MG_223,bound
1191,TU_148,MG_224,bound
1192,TU_149,MG_225 - MG_226,bound
1193,TU_150,MG_227,bound
1194,TU_151,MG_228 - MG_231,bound
1195,TU_152,MG_232 - MG_236,bound
1196,TU_153,MG_237,bound
1197,TU_154,MG_238,bound
1198,TU_155,MG_239,bound
1199,TU_156,MG_240,bound
1200,TU_157,MG_241,bound
1201,TU_158,MG_242,bound
1202,TU_159,MG_243 - MG_244,bound
1203,TU_160,MG_245,bound
1204,TU_161,MG_246,bound
1205,TU_162,MG_247,bound
1206,TU_163,MG_248 - MG_249,bound
1207,TU_164,MG_250 - MG_251,bound
1208,TU_165,MG_252 - MG_254,bound
1209,MG493,,bound
1210,TU_167,"MG_255, MG_494",bound
1211,MG495,,bound
1212,MG496,,bound
1213,TU_169,MG_256,bound
1214,TU_170,MG_257 - MG_259,bound
1215,TU_171,MG_260,bound
1216,MG497,,bound
1217,TU_173,"MG_261, MG_262, MG_498",bound
1218,TU_174,MG_263,bound
1219,TU_175,MG_264,bound
1220,TU_176,MG_265 - MG_267,bound
1221,TU_177,MG_268,bound
1222,MG_0001,"scRNA, signal recognition particle 4.5S RNA, MCS1",bound
1223,TU_179,MG_269,bound
1224,TU_180,MG_270 - MG_272,bound
1225,MG_0002,MG170 RNA,bound
1226,TU_182,MG_273 - MG_275,bound
1227,TU_183,MG_276,bound
1228,TU_184,MG_277,bound
1229,TU_185,MG_278,bound
1230,TU_186,MG_279 - MG_281,bound
1231,MG499,,bound
1232,MG500,,bound
1233,MG501,,bound
1234,MG502,,bound
1235,MG503,,bound
1236,TU_190,MG_282,bound
1237,TU_191,MG_283,bound
1238,TU_192,MG_284 - MG_286,bound
1239,TU_193,MG_287,bound
1240,MG504,,bound
1241,TU_195,MG_288,bound
1242,TU_196,MG_289 - MG_291,bound
1243,TU_197,MG_505,bound
1244,TU_198,MG_292 - MG_294,bound
1245,TU_199,MG_295,bound
1246,TU_200,MG_296,bound
1247,TU_201,MG_297,bound
1248,TU_202,MG_298,bound
1249,TU_203,MG_299,bound
1250,TU_204,MG_300 - MG_301,bound
1251,TU_205,MG_302,bound
1252,TU_206,MG_303,bound
1253,TU_207,MG_304,bound
1254,TU_208,MG_305,bound
1255,TU_209,MG_306,bound
1256,TU_210,MG_307,bound
1257,TU_211,MG_308 - MG_309,bound
1258,TU_212,MG_310,bound
1259,TU_213,MG_311,bound
1260,TU_214,MG_312,bound
1261,TU_215,MG_313 - MG_315,bound
1262,TU_216,MG_316,bound
1263,TU_217,MG_317 - MG_318,bound
1264,TU_218,MG_319,bound
1265,TU_219,MG_320,bound
1266,MG506,,bound
1267,MG507,,bound
1268,TU_222,MG_321,bound
1269,MG508,,bound
1270,MG509,,bound
1271,MG510,,bound
1272,MG511,,bound
1273,MG512,,bound
1274,MG513,,bound
1275,MG514,,bound
1276,TU_224,MG_322,bound
1277,TU_225,MG_323,bound
1278,MG_0003,"Rnase P RNA, MCS5, M1 RNA",bound
1279,MG_0004,"transfer-messenger RNA, tmRNA, MCS6, 10Sa RNA",bound
1280,TU_228,"MG_324, MG_325, MG_515",bound
1281,TU_229,MG_326,bound
1282,TU_230,MG_327,bound
1283,TU_231,MG_328,bound
1284,TU_232,MG_329,bound
1285,TU_233,MG_330 - MG_333,bound
1286,TU_234,MG_334,bound
1287,TU_235,MG_335,bound
1288,TU_236,MG_516,bound
1289,TU_237,MG_517,bound
1290,TU_238,MG_336,bound
1291,TU_239,MG_337,bound
1292,TU_240,MG_338,bound
1293,TU_241,MG_339,bound
1294,TU_242,MG_340 - MG_341,bound
1295,TU_243,MG_342,bound
1296,TU_244,MG_343,bound
1297,TU_245,MG_344,bound
1298,TU_246,MG_345,bound
1299,TU_247,MG_346 - MG_347,bound
1300,MG518,,bound
1301,TU_249,MG_348,bound
1302,MG519,,bound
1303,TU_251,MG_349 - MG_350,bound
1304,MG520,,bound
1305,TU_253,MG_521,bound
1306,TU_254,MG_351,bound
1307,TU_255,MG_352,bound
1308,TU_256,MG_353,bound
1309,TU_257,MG_354,bound
1310,TU_258,MG_355,bound
1311,TU_259,MG_356,bound
1312,TU_260,MG_357,bound
1313,TU_261,MG_358 - MG_359,bound
1314,TU_262,MG_360,bound
1315,TU_263,MG_361 - MG_363,bound
1316,TU_264,MG_522,bound
1317,TU_265,MG_364,bound
1318,TU_266,MG_365,bound
1319,TU_267,MG_366,bound
1320,TU_268,MG_367 - MG_369,bound
1321,TU_269,MG_370,bound
1322,TU_270,MG_371,bound
1323,TU_271,MG_372 - MG_375,bound
1324,TU_272,MG_376,bound
1325,TU_273,MG_377,bound
1326,TU_274,MG_378,bound
1327,TU_275,MG_379 - MG_381,bound
1328,MG523,,bound
1329,TU_277,MG_382,bound
1330,TU_278,MG_383,bound
1331,TU_279,MG_384,bound
1332,TU_280,"MG_385, MG_524",bound
1333,TU_281,MG_386,bound
1334,TU_282,MG_387 - MG_388,bound
1335,TU_283,MG_389,bound
1336,TU_284,MG_390,bound
1337,TU_285,MG_391 - MG_393,bound
1338,TU_286,MG_394,bound
1339,TU_287,MG_395,bound
1340,TU_288,MG_396 - MG_397,bound
1341,TU_289,MG_398,bound
1342,TU_290,MG_399,bound
1343,TU_291,MG_400 - MG_401,bound
1344,TU_292,MG_402 - MG_405,bound
1345,TU_293,MG_406,bound
1346,TU_294,MG_407,bound
1347,TU_295,MG_408,bound
1348,TU_296,MG_409 - MG_412,bound
1349,TU_297,MG_414,bound
1350,TU_298,MG_525,bound
1351,TU_299,MG_417,bound
1352,TU_300,MG_418,bound
1353,TU_301,"MG_419, MG_421, MG_422, MG_423",bound
1354,TU_302,MG_424,bound
1355,TU_303,MG_425,bound
1356,TU_304,MG_426,bound
1357,TU_305,MG_427,bound
1358,TU_306,MG_428,bound
1359,TU_307,MG_429 - MG_431,bound
1360,TU_308,MG_432,bound
1361,TU_309,MG_433,bound
1362,TU_310,MG_434,bound
1363,TU_311,MG_435,bound
1364,TU_312,MG_437,bound
1365,TU_313,MG_438,bound
1366,TU_314,MG_439,bound
1367,TU_315,MG_440 - MG_441,bound
1368,TU_316,MG_442 - MG_443,bound
1369,TU_317,MG_444 - MG_446,bound
1370,TU_318,MG_447,bound
1371,TU_319,MG_448,bound
1372,TU_320,MG_449,bound
1373,TU_321,MG_450 - MG_451,bound
1374,TU_322,MG_452 - MG_453,bound
1375,TU_323,MG_454,bound
1376,TU_324,MG_455,bound
1377,TU_325,MG_456,bound
1378,TU_326,MG_457,bound
1379,TU_327,MG_458,bound
1380,TU_328,MG_459,bound
1381,TU_329,MG_460,bound
1382,TU_330,MG_461 - MG_462,bound
1383,TU_331,MG_463 - MG_465,bound
1384,TU_332,MG_466,bound
1385,TU_333,MG_467 - MG_468,bound
1386,TU_334,MG_526,bound
1387,TU_335,MG_469 - MG_470,bound
1388,TU_001,MG_001 - MG_002,misfolded
1389,TU_002,MG_003 - MG_004,misfolded
1390,TU_003,MG_005 - MG_009,misfolded
1391,TU_004,MG_010,misfolded
1392,TU_005,MG_011 - MG_012,misfolded
1393,TU_006,MG_013,misfolded
1394,MG471,,misfolded
1395,MG472,,misfolded
1396,TU_008,MG_014 - MG_015,misfolded
1397,TU_009,MG_018,misfolded
1398,TU_010,MG_019 - MG_021,misfolded
1399,TU_011,MG_022 - MG_024,misfolded
1400,TU_012,MG_025,misfolded
1401,TU_013,MG_026 - MG_028,misfolded
1402,TU_014,MG_029 - MG_031,misfolded
1403,TU_015,MG_032,misfolded
1404,TU_016,MG_033,misfolded
1405,TU_017,MG_034,misfolded
1406,TU_018,MG_035,misfolded
1407,TU_019,MG_036,misfolded
1408,TU_020,MG_037,misfolded
1409,TU_021,MG_038,misfolded
1410,TU_022,MG_039,misfolded
1411,TU_023,MG_040,misfolded
1412,TU_024,MG_041,misfolded
1413,TU_025,MG_042 - MG_044,misfolded
1414,TU_026,MG_045,misfolded
1415,TU_027,MG_046 - MG_047,misfolded
1416,TU_028,MG_048,misfolded
1417,TU_029,MG_049 - MG_051,misfolded
1418,TU_030,MG_052 - MG_053,misfolded
1419,TU_031,"MG_054, MG_055, MG_473",misfolded
1420,TU_032,"MG_056, MG_057, MG_474",misfolded
1421,TU_033,MG_058,misfolded
1422,TU_034,MG_059,misfolded
1423,TU_035,MG_060,misfolded
1424,TU_036,MG_061,misfolded
1425,MG475,,misfolded
1426,TU_038,MG_062,misfolded
1427,TU_039,MG_063,misfolded
1428,TU_040,MG_064 - MG_065,misfolded
1429,TU_041,MG_066,misfolded
1430,TU_042,MG_067 - MG_068,misfolded
1431,TU_043,MG_069,misfolded
1432,TU_044,MG_070,misfolded
1433,TU_045,MG_071,misfolded
1434,TU_046,MG_072,misfolded
1435,TU_047,MG_073,misfolded
1436,TU_048,MG_074,misfolded
1437,TU_049,MG_075,misfolded
1438,TU_050,MG_076,misfolded
1439,TU_051,MG_077 - MG_080,misfolded
1440,TU_052,MG_081 - MG_082,misfolded
1441,TU_053,MG_083,misfolded
1442,TU_054,MG_084 - MG_085,misfolded
1443,TU_055,MG_086 - MG_089,misfolded
1444,TU_056,MG_090,misfolded
1445,TU_057,MG_091,misfolded
1446,TU_058,MG_092,misfolded
1447,TU_059,MG_093 - MG_095,misfolded
1448,TU_060,MG_096,misfolded
1449,TU_061,MG_097,misfolded
1450,TU_062,MG_098 - MG_100,misfolded
1451,TU_063,MG_101 - MG_103,misfolded
1452,TU_064,MG_476,misfolded
1453,TU_065,MG_104,misfolded
1454,TU_066,MG_105,misfolded
1455,TU_067,MG_106,misfolded
1456,TU_068,MG_107 - MG_110,misfolded
1457,TU_069,MG_111 - MG_112,misfolded
1458,TU_070,MG_113,misfolded
1459,TU_071,MG_114,misfolded
1460,TU_072,MG_115,misfolded
1461,TU_073,MG_116 - MG_118,misfolded
1462,TU_074,MG_119 - MG_122,misfolded
1463,TU_075,MG_123,misfolded
1464,TU_076,MG_124 - MG_125,misfolded
1465,TU_077,MG_126,misfolded
1466,TU_078,MG_127 - MG_128,misfolded
1467,TU_079,MG_129,misfolded
1468,TU_080,MG_130,misfolded
1469,TU_081,MG_131,misfolded
1470,TU_082,MG_132,misfolded
1471,TU_083,MG_133,misfolded
1472,TU_084,MG_134,misfolded
1473,TU_085,MG_135,misfolded
1474,TU_086,MG_136 - MG_138,misfolded
1475,TU_087,MG_139,misfolded
1476,MGrrnA16S,16S ribosomal rRNA,misfolded
1477,MGrrnA23S,23S ribosomal rRNA,misfolded
1478,MGrrnA5S,5S ribosomal rRNA,misfolded
1479,TU_089,MG_140,misfolded
1480,TU_090,MG_141,misfolded
1481,TU_091,MG_477,misfolded
1482,TU_092,MG_142 - MG_144,misfolded
1483,TU_093,MG_145,misfolded
1484,TU_094,MG_146,misfolded
1485,TU_095,MG_147,misfolded
1486,TU_096,MG_148,misfolded
1487,TU_097,MG_149,misfolded
1488,TU_098,MG_478,misfolded
1489,TU_099,MG_150,misfolded
1490,TU_100,MG_151,misfolded
1491,TU_101,MG_152 - MG_153,misfolded
1492,TU_102,MG_154 - MG_163,misfolded
1493,TU_103,MG_164,misfolded
1494,TU_104,MG_165 - MG_169,misfolded
1495,TU_105,MG_170 - MG_173,misfolded
1496,TU_106,MG_174,misfolded
1497,TU_107,MG_175 - MG_177,misfolded
1498,TU_108,MG_178,misfolded
1499,TU_109,MG_179,misfolded
1500,TU_110,MG_180,misfolded
1501,TU_111,MG_181,misfolded
1502,TU_112,MG_182,misfolded
1503,TU_113,MG_183 - MG_184,misfolded
1504,TU_114,MG_185,misfolded
1505,TU_115,MG_186,misfolded
1506,TU_116,MG_187 - MG_189,misfolded
1507,TU_117,MG_190,misfolded
1508,TU_118,MG_191 - MG_192,misfolded
1509,TU_119,MG_194 - MG_195,misfolded
1510,TU_120,MG_196 - MG_198,misfolded
1511,TU_121,MG_199,misfolded
1512,TU_122,MG_200 - MG_202,misfolded
1513,MG479,,misfolded
1514,TU_124,MG_203 - MG_204,misfolded
1515,TU_125,MG_205,misfolded
1516,TU_126,MG_206,misfolded
1517,TU_127,MG_207,misfolded
1518,TU_128,MG_208 - MG_210,misfolded
1519,TU_129,MG_480,misfolded
1520,TU_130,MG_481,misfolded
1521,TU_131,"MG_211, MG_212, MG_482",misfolded
1522,TU_132,MG_213 - MG_214,misfolded
1523,TU_133,MG_215 - MG_216,misfolded
1524,MG483,,misfolded
1525,MG484,,misfolded
1526,MG485,,misfolded
1527,MG486,,misfolded
1528,MG487,,misfolded
1529,MG488,,misfolded
1530,MG489,,misfolded
1531,MG490,,misfolded
1532,TU_142,MG_217,misfolded
1533,TU_143,"MG_218, MG_491",misfolded
1534,TU_144,MG_219,misfolded
1535,TU_145,MG_220,misfolded
1536,MG492,,misfolded
1537,TU_147,MG_221 - MG_223,misfolded
1538,TU_148,MG_224,misfolded
1539,TU_149,MG_225 - MG_226,misfolded
1540,TU_150,MG_227,misfolded
1541,TU_151,MG_228 - MG_231,misfolded
1542,TU_152,MG_232 - MG_236,misfolded
1543,TU_153,MG_237,misfolded
1544,TU_154,MG_238,misfolded
1545,TU_155,MG_239,misfolded
1546,TU_156,MG_240,misfolded
1547,TU_157,MG_241,misfolded
1548,TU_158,MG_242,misfolded
1549,TU_159,MG_243 - MG_244,misfolded
1550,TU_160,MG_245,misfolded
1551,TU_161,MG_246,misfolded
1552,TU_162,MG_247,misfolded
1553,TU_163,MG_248 - MG_249,misfolded
1554,TU_164,MG_250 - MG_251,misfolded
1555,TU_165,MG_252 - MG_254,misfolded
1556,MG493,,misfolded
1557,TU_167,"MG_255, MG_494",misfolded
1558,MG495,,misfolded
1559,MG496,,misfolded
1560,TU_169,MG_256,misfolded
1561,TU_170,MG_257 - MG_259,misfolded
1562,TU_171,MG_260,misfolded
1563,MG497,,misfolded
1564,TU_173,"MG_261, MG_262, MG_498",misfolded
1565,TU_174,MG_263,misfolded
1566,TU_175,MG_264,misfolded
1567,TU_176,MG_265 - MG_267,misfolded
1568,TU_177,MG_268,misfolded
1569,MG_0001,"scRNA, signal recognition particle 4.5S RNA, MCS1",misfolded
1570,TU_179,MG_269,misfolded
1571,TU_180,MG_270 - MG_272,misfolded
1572,MG_0002,MG170 RNA,misfolded
1573,TU_182,MG_273 - MG_275,misfolded
1574,TU_183,MG_276,misfolded
1575,TU_184,MG_277,misfolded
1576,TU_185,MG_278,misfolded
1577,TU_186,MG_279 - MG_281,misfolded
1578,MG499,,misfolded
1579,MG500,,misfolded
1580,MG501,,misfolded
1581,MG502,,misfolded
1582,MG503,,misfolded
1583,TU_190,MG_282,misfolded
1584,TU_191,MG_283,misfolded
1585,TU_192,MG_284 - MG_286,misfolded
1586,TU_193,MG_287,misfolded
1587,MG504,,misfolded
1588,TU_195,MG_288,misfolded
1589,TU_196,MG_289 - MG_291,misfolded
1590,TU_197,MG_505,misfolded
1591,TU_198,MG_292 - MG_294,misfolded
1592,TU_199,MG_295,misfolded
1593,TU_200,MG_296,misfolded
1594,TU_201,MG_297,misfolded
1595,TU_202,MG_298,misfolded
1596,TU_203,MG_299,misfolded
1597,TU_204,MG_300 - MG_301,misfolded
1598,TU_205,MG_302,misfolded
1599,TU_206,MG_303,misfolded
1600,TU_207,MG_304,misfolded
1601,TU_208,MG_305,misfolded
1602,TU_209,MG_306,misfolded
1603,TU_210,MG_307,misfolded
1604,TU_211,MG_308 - MG_309,misfolded
1605,TU_212,MG_310,misfolded
1606,TU_213,MG_311,misfolded
1607,TU_214,MG_312,misfolded
1608,TU_215,MG_313 - MG_315,misfolded
1609,TU_216,MG_316,misfolded
1610,TU_217,MG_317 - MG_318,misfolded
1611,TU_218,MG_319,misfolded
1612,TU_219,MG_320,misfolded
1613,MG506,,misfolded
1614,MG507,,misfolded
1615,TU_222,MG_321,misfolded
1616,MG508,,misfolded
1617,MG509,,misfolded
1618,MG510,,misfolded
1619,MG511,,misfolded
1620,MG512,,misfolded
1621,MG513,,misfolded
1622,MG514,,misfolded
1623,TU_224,MG_322,misfolded
1624,TU_225,MG_323,misfolded
1625,MG_0003,"Rnase P RNA, MCS5, M1 RNA",misfolded
1626,MG_0004,"transfer-messenger RNA, tmRNA, MCS6, 10Sa RNA",misfolded
1627,TU_228,"MG_324, MG_325, MG_515",misfolded
1628,TU_229,MG_326,misfolded
1629,TU_230,MG_327,misfolded
1630,TU_231,MG_328,misfolded
1631,TU_232,MG_329,misfolded
1632,TU_233,MG_330 - MG_333,misfolded
1633,TU_234,MG_334,misfolded
1634,TU_235,MG_335,misfolded
1635,TU_236,MG_516,misfolded
1636,TU_237,MG_517,misfolded
1637,TU_238,MG_336,misfolded
1638,TU_239,MG_337,misfolded
1639,TU_240,MG_338,misfolded
1640,TU_241,MG_339,misfolded
1641,TU_242,MG_340 - MG_341,misfolded
1642,TU_243,MG_342,misfolded
1643,TU_244,MG_343,misfolded
1644,TU_245,MG_344,misfolded
1645,TU_246,MG_345,misfolded
1646,TU_247,MG_346 - MG_347,misfolded
1647,MG518,,misfolded
1648,TU_249,MG_348,misfolded
1649,MG519,,misfolded
1650,TU_251,MG_349 - MG_350,misfolded
1651,MG520,,misfolded
1652,TU_253,MG_521,misfolded
1653,TU_254,MG_351,misfolded
1654,TU_255,MG_352,misfolded
1655,TU_256,MG_353,misfolded
1656,TU_257,MG_354,misfolded
1657,TU_258,MG_355,misfolded
1658,TU_259,MG_356,misfolded
1659,TU_260,MG_357,misfolded
1660,TU_261,MG_358 - MG_359,misfolded
1661,TU_262,MG_360,misfolded
1662,TU_263,MG_361 - MG_363,misfolded
1663,TU_264,MG_522,misfolded
1664,TU_265,MG_364,misfolded
1665,TU_266,MG_365,misfolded
1666,TU_267,MG_366,misfolded
1667,TU_268,MG_367 - MG_369,misfolded
1668,TU_269,MG_370,misfolded
1669,TU_270,MG_371,misfolded
1670,TU_271,MG_372 - MG_375,misfolded
1671,TU_272,MG_376,misfolded
1672,TU_273,MG_377,misfolded
1673,TU_274,MG_378,misfolded
1674,TU_275,MG_379 - MG_381,misfolded
1675,MG523,,misfolded
1676,TU_277,MG_382,misfolded
1677,TU_278,MG_383,misfolded
1678,TU_279,MG_384,misfolded
1679,TU_280,"MG_385, MG_524",misfolded
1680,TU_281,MG_386,misfolded
1681,TU_282,MG_387 - MG_388,misfolded
1682,TU_283,MG_389,misfolded
1683,TU_284,MG_390,misfolded
1684,TU_285,MG_391 - MG_393,misfolded
1685,TU_286,MG_394,misfolded
1686,TU_287,MG_395,misfolded
1687,TU_288,MG_396 - MG_397,misfolded
1688,TU_289,MG_398,misfolded
1689,TU_290,MG_399,misfolded
1690,TU_291,MG_400 - MG_401,misfolded
1691,TU_292,MG_402 - MG_405,misfolded
1692,TU_293,MG_406,misfolded
1693,TU_294,MG_407,misfolded
1694,TU_295,MG_408,misfolded
1695,TU_296,MG_409 - MG_412,misfolded
1696,TU_297,MG_414,misfolded
1697,TU_298,MG_525,misfolded
1698,TU_299,MG_417,misfolded
1699,TU_300,MG_418,misfolded
1700,TU_301,"MG_419, MG_421, MG_422, MG_423",misfolded
1701,TU_302,MG_424,misfolded
1702,TU_303,MG_425,misfolded
1703,TU_304,MG_426,misfolded
1704,TU_305,MG_427,misfolded
1705,TU_306,MG_428,misfolded
1706,TU_307,MG_429 - MG_431,misfolded
1707,TU_308,MG_432,misfolded
1708,TU_309,MG_433,misfolded
1709,TU_310,MG_434,misfolded
1710,TU_311,MG_435,misfolded
1711,TU_312,MG_437,misfolded
1712,TU_313,MG_438,misfolded
1713,TU_314,MG_439,misfolded
1714,TU_315,MG_440 - MG_441,misfolded
1715,TU_316,MG_442 - MG_443,misfolded
1716,TU_317,MG_444 - MG_446,misfolded
1717,TU_318,MG_447,misfolded
1718,TU_319,MG_448,misfolded
1719,TU_320,MG_449,misfolded
1720,TU_321,MG_450 - MG_451,misfolded
1721,TU_322,MG_452 - MG_453,misfolded
1722,TU_323,MG_454,misfolded
1723,TU_324,MG_455,misfolded
1724,TU_325,MG_456,misfolded
1725,TU_326,MG_457,misfolded
1726,TU_327,MG_458,misfolded
1727,TU_328,MG_459,misfolded
1728,TU_329,MG_460,misfolded
1729,TU_330,MG_461 - MG_462,misfolded
1730,TU_331,MG_463 - MG_465,misfolded
1731,TU_332,MG_466,misfolded
1732,TU_333,MG_467 - MG_468,misfolded
1733,TU_334,MG_526,misfolded
1734,TU_335,MG_469 - MG_470,misfolded
1735,TU_001,MG_001 - MG_002,damaged
1736,TU_002,MG_003 - MG_004,damaged
1737,TU_003,MG_005 - MG_009,damaged
1738,TU_004,MG_010,damaged
1739,TU_005,MG_011 - MG_012,damaged
1740,TU_006,MG_013,damaged
1741,MG471,,damaged
1742,MG472,,damaged
1743,TU_008,MG_014 - MG_015,damaged
1744,TU_009,MG_018,damaged
1745,TU_010,MG_019 - MG_021,damaged
1746,TU_011,MG_022 - MG_024,damaged
1747,TU_012,MG_025,damaged
1748,TU_013,MG_026 - MG_028,damaged
1749,TU_014,MG_029 - MG_031,damaged
1750,TU_015,MG_032,damaged
1751,TU_016,MG_033,damaged
1752,TU_017,MG_034,damaged
1753,TU_018,MG_035,damaged
1754,TU_019,MG_036,damaged
1755,TU_020,MG_037,damaged
1756,TU_021,MG_038,damaged
1757,TU_022,MG_039,damaged
1758,TU_023,MG_040,damaged
1759,TU_024,MG_041,damaged
1760,TU_025,MG_042 - MG_044,damaged
1761,TU_026,MG_045,damaged
1762,TU_027,MG_046 - MG_047,damaged
1763,TU_028,MG_048,damaged
1764,TU_029,MG_049 - MG_051,damaged
1765,TU_030,MG_052 - MG_053,damaged
1766,TU_031,"MG_054, MG_055, MG_473",damaged
1767,TU_032,"MG_056, MG_057, MG_474",damaged
1768,TU_033,MG_058,damaged
1769,TU_034,MG_059,damaged
1770,TU_035,MG_060,damaged
1771,TU_036,MG_061,damaged
1772,MG475,,damaged
1773,TU_038,MG_062,damaged
1774,TU_039,MG_063,damaged
1775,TU_040,MG_064 - MG_065,damaged
1776,TU_041,MG_066,damaged
1777,TU_042,MG_067 - MG_068,damaged
1778,TU_043,MG_069,damaged
1779,TU_044,MG_070,damaged
1780,TU_045,MG_071,damaged
1781,TU_046,MG_072,damaged
1782,TU_047,MG_073,damaged
1783,TU_048,MG_074,damaged
1784,TU_049,MG_075,damaged
1785,TU_050,MG_076,damaged
1786,TU_051,MG_077 - MG_080,damaged
1787,TU_052,MG_081 - MG_082,damaged
1788,TU_053,MG_083,damaged
1789,TU_054,MG_084 - MG_085,damaged
1790,TU_055,MG_086 - MG_089,damaged
1791,TU_056,MG_090,damaged
1792,TU_057,MG_091,damaged
1793,TU_058,MG_092,damaged
1794,TU_059,MG_093 - MG_095,damaged
1795,TU_060,MG_096,damaged
1796,TU_061,MG_097,damaged
1797,TU_062,MG_098 - MG_100,damaged
1798,TU_063,MG_101 - MG_103,damaged
1799,TU_064,MG_476,damaged
1800,TU_065,MG_104,damaged
1801,TU_066,MG_105,damaged
1802,TU_067,MG_106,damaged
1803,TU_068,MG_107 - MG_110,damaged
1804,TU_069,MG_111 - MG_112,damaged
1805,TU_070,MG_113,damaged
1806,TU_071,MG_114,damaged
1807,TU_072,MG_115,damaged
1808,TU_073,MG_116 - MG_118,damaged
1809,TU_074,MG_119 - MG_122,damaged
1810,TU_075,MG_123,damaged
1811,TU_076,MG_124 - MG_125,damaged
1812,TU_077,MG_126,damaged
1813,TU_078,MG_127 - MG_128,damaged
1814,TU_079,MG_129,damaged
1815,TU_080,MG_130,damaged
1816,TU_081,MG_131,damaged
1817,TU_082,MG_132,damaged
1818,TU_083,MG_133,damaged
1819,TU_084,MG_134,damaged
1820,TU_085,MG_135,damaged
1821,TU_086,MG_136 - MG_138,damaged
1822,TU_087,MG_139,damaged
1823,MGrrnA16S,16S ribosomal rRNA,damaged
1824,MGrrnA23S,23S ribosomal rRNA,damaged
1825,MGrrnA5S,5S ribosomal rRNA,damaged
1826,TU_089,MG_140,damaged
1827,TU_090,MG_141,damaged
1828,TU_091,MG_477,damaged
1829,TU_092,MG_142 - MG_144,damaged
1830,TU_093,MG_145,damaged
1831,TU_094,MG_146,damaged
1832,TU_095,MG_147,damaged
1833,TU_096,MG_148,damaged
1834,TU_097,MG_149,damaged
1835,TU_098,MG_478,damaged
1836,TU_099,MG_150,damaged
1837,TU_100,MG_151,damaged
1838,TU_101,MG_152 - MG_153,damaged
1839,TU_102,MG_154 - MG_163,damaged
1840,TU_103,MG_164,damaged
1841,TU_104,MG_165 - MG_169,damaged
1842,TU_105,MG_170 - MG_173,damaged
1843,TU_106,MG_174,damaged
1844,TU_107,MG_175 - MG_177,damaged
1845,TU_108,MG_178,damaged
1846,TU_109,MG_179,damaged
1847,TU_110,MG_180,damaged
1848,TU_111,MG_181,damaged
1849,TU_112,MG_182,damaged
1850,TU_113,MG_183 - MG_184,damaged
1851,TU_114,MG_185,damaged
1852,TU_115,MG_186,damaged
1853,TU_116,MG_187 - MG_189,damaged
1854,TU_117,MG_190,damaged
1855,TU_118,MG_191 - MG_192,damaged
1856,TU_119,MG_194 - MG_195,damaged
1857,TU_120,MG_196 - MG_198,damaged
1858,TU_121,MG_199,damaged
1859,TU_122,MG_200 - MG_202,damaged
1860,MG479,,damaged
1861,TU_124,MG_203 - MG_204,damaged
1862,TU_125,MG_205,damaged
1863,TU_126,MG_206,damaged
1864,TU_127,MG_207,damaged
1865,TU_128,MG_208 - MG_210,damaged
1866,TU_129,MG_480,damaged
1867,TU_130,MG_481,damaged
1868,TU_131,"MG_211, MG_212, MG_482",damaged
1869,TU_132,MG_213 - MG_214,damaged
1870,TU_133,MG_215 - MG_216,damaged
1871,MG483,,damaged
1872,MG484,,damaged
1873,MG485,,damaged
1874,MG486,,damaged
1875,MG487,,damaged
1876,MG488,,damaged
1877,MG489,,damaged
1878,MG490,,damaged
1879,TU_142,MG_217,damaged
1880,TU_143,"MG_218, MG_491",damaged
1881,TU_144,MG_219,damaged
1882,TU_145,MG_220,damaged
1883,MG492,,damaged
1884,TU_147,MG_221 - MG_223,damaged
1885,TU_148,MG_224,damaged
1886,TU_149,MG_225 - MG_226,damaged
1887,TU_150,MG_227,damaged
1888,TU_151,MG_228 - MG_231,damaged
1889,TU_152,MG_232 - MG_236,damaged
1890,TU_153,MG_237,damaged
1891,TU_154,MG_238,damaged
1892,TU_155,MG_239,damaged
1893,TU_156,MG_240,damaged
1894,TU_157,MG_241,damaged
1895,TU_158,MG_242,damaged
1896,TU_159,MG_243 - MG_244,damaged
1897,TU_160,MG_245,damaged
1898,TU_161,MG_246,damaged
1899,TU_162,MG_247,damaged
1900,TU_163,MG_248 - MG_249,damaged
1901,TU_164,MG_250 - MG_251,damaged
1902,TU_165,MG_252 - MG_254,damaged
1903,MG493,,damaged
1904,TU_167,"MG_255, MG_494",damaged
1905,MG495,,damaged
1906,MG496,,damaged
1907,TU_169,MG_256,damaged
1908,TU_170,MG_257 - MG_259,damaged
1909,TU_171,MG_260,damaged
1910,MG497,,damaged
1911,TU_173,"MG_261, MG_262, MG_498",damaged
1912,TU_174,MG_263,damaged
1913,TU_175,MG_264,damaged
1914,TU_176,MG_265 - MG_267,damaged
1915,TU_177,MG_268,damaged
1916,MG_0001,"scRNA, signal recognition particle 4.5S RNA, MCS1",damaged
1917,TU_179,MG_269,damaged
1918,TU_180,MG_270 - MG_272,damaged
1919,MG_0002,MG170 RNA,damaged
1920,TU_182,MG_273 - MG_275,damaged
1921,TU_183,MG_276,damaged
1922,TU_184,MG_277,damaged
1923,TU_185,MG_278,damaged
1924,TU_186,MG_279 - MG_281,damaged
1925,MG499,,damaged
1926,MG500,,damaged
1927,MG501,,damaged
1928,MG502,,damaged
1929,MG503,,damaged
1930,TU_190,MG_282,damaged
1931,TU_191,MG_283,damaged
1932,TU_192,MG_284 - MG_286,damaged
1933,TU_193,MG_287,damaged
1934,MG504,,damaged
1935,TU_195,MG_288,damaged
1936,TU_196,MG_289 - MG_291,damaged
1937,TU_197,MG_505,damaged
1938,TU_198,MG_292 - MG_294,damaged
1939,TU_199,MG_295,damaged
1940,TU_200,MG_296,damaged
1941,TU_201,MG_297,damaged
1942,TU_202,MG_298,damaged
1943,TU_203,MG_299,damaged
1944,TU_204,MG_300 - MG_301,damaged
1945,TU_205,MG_302,damaged
1946,TU_206,MG_303,damaged
1947,TU_207,MG_304,damaged
1948,TU_208,MG_305,damaged
1949,TU_209,MG_306,damaged
1950,TU_210,MG_307,damaged
1951,TU_211,MG_308 - MG_309,damaged
1952,TU_212,MG_310,damaged
1953,TU_213,MG_311,damaged
1954,TU_214,MG_312,damaged
1955,TU_215,MG_313 - MG_315,damaged
1956,TU_216,MG_316,damaged
1957,TU_217,MG_317 - MG_318,damaged
1958,TU_218,MG_319,damaged
1959,TU_219,MG_320,damaged
1960,MG506,,damaged
1961,MG507,,damaged
1962,TU_222,MG_321,damaged
1963,MG508,,damaged
1964,MG509,,damaged
1965,MG510,,damaged
1966,MG511,,damaged
1967,MG512,,damaged
1968,MG513,,damaged
1969,MG514,,damaged
1970,TU_224,MG_322,damaged
1971,TU_225,MG_323,damaged
1972,MG_0003,"Rnase P RNA, MCS5, M1 RNA",damaged
1973,MG_0004,"transfer-messenger RNA, tmRNA, MCS6, 10Sa RNA",damaged
1974,TU_228,"MG_324, MG_325, MG_515",damaged
1975,TU_229,MG_326,damaged
1976,TU_230,MG_327,damaged
1977,TU_231,MG_328,damaged
1978,TU_232,MG_329,damaged
1979,TU_233,MG_330 - MG_333,damaged
1980,TU_234,MG_334,damaged
1981,TU_235,MG_335,damaged
1982,TU_236,MG_516,damaged
1983,TU_237,MG_517,damaged
1984,TU_238,MG_336,damaged
1985,TU_239,MG_337,damaged
1986,TU_240,MG_338,damaged
1987,TU_241,MG_339,damaged
1988,TU_242,MG_340 - MG_341,damaged
1989,TU_243,MG_342,damaged
1990,TU_244,MG_343,damaged
1991,TU_245,MG_344,damaged
1992,TU_246,MG_345,damaged
1993,TU_247,MG_346 - MG_347,damaged
1994,MG518,,damaged
1995,TU_249,MG_348,damaged
1996,MG519,,damaged
1997,TU_251,MG_349 - MG_350,damaged
1998,MG520,,damaged
1999,TU_253,MG_521,damaged
2000,TU_254,MG_351,damaged
2001,TU_255,MG_352,damaged
2002,TU_256,MG_353,damaged
2003,TU_257,MG_354,damaged
2004,TU_258,MG_355,damaged
2005,TU_259,MG_356,damaged
2006,TU_260,MG_357,damaged
2007,TU_261,MG_358 - MG_359,damaged
2008,TU_262,MG_360,damaged
2009,TU_263,MG_361 - MG_363,damaged
2010,TU_264,MG_522,damaged
2011,TU_265,MG_364,damaged
2012,TU_266,MG_365,damaged
2013,TU_267,MG_366,damaged
2014,TU_268,MG_367 - MG_369,damaged
2015,TU_269,MG_370,damaged
2016,TU_270,MG_371,damaged
2017,TU_271,MG_372 - MG_375,damaged
2018,TU_272,MG_376,damaged
2019,TU_273,MG_377,damaged
2020,TU_274,MG_378,damaged
2021,TU_275,MG_379 - MG_381,damaged
2022,MG523,,damaged
2023,TU_277,MG_382,damaged
2024,TU_278,MG_383,damaged
2025,TU_279,MG_384,damaged
2026,TU_280,"MG_385, MG_524",damaged
2027,TU_281,MG_386,damaged
2028,TU_282,MG_387 - MG_388,damaged
2029,TU_283,MG_389,damaged
2030,TU_284,MG_390,damaged
2031,TU_285,MG_391 - MG_393,damaged
2032,TU_286,MG_394,damaged
2033,TU_287,MG_395,damaged
2034,TU_288,MG_396 - MG_397,damaged
2035,TU_289,MG_398,damaged
2036,TU_290,MG_399,damaged
2037,TU_291,MG_400 - MG_401,damaged
2038,TU_292,MG_402 - MG_405,damaged
2039,TU_293,MG_406,damaged
2040,TU_294,MG_407,damaged
2041,TU_295,MG_408,damaged
2042,TU_296,MG_409 - MG_412,damaged
2043,TU_297,MG_414,damaged
2044,TU_298,MG_525,damaged
2045,TU_299,MG_417,damaged
2046,TU_300,MG_418,damaged
2047,TU_301,"MG_419, MG_421, MG_422, MG_423",damaged
2048,TU_302,MG_424,damaged
2049,TU_303,MG_425,damaged
2050,TU_304,MG_426,damaged
2051,TU_305,MG_427,damaged
2052,TU_306,MG_428,damaged
2053,TU_307,MG_429 - MG_431,damaged
2054,TU_308,MG_432,damaged
2055,TU_309,MG_433,damaged
2056,TU_310,MG_434,damaged
2057,TU_311,MG_435,damaged
2058,TU_312,MG_437,damaged
2059,TU_313,MG_438,damaged
2060,TU_314,MG_439,damaged
2061,TU_315,MG_440 - MG_441,damaged
2062,TU_316,MG_442 - MG_443,damaged
2063,TU_317,MG_444 - MG_446,damaged
2064,TU_318,MG_447,damaged
2065,TU_319,MG_448,damaged
2066,TU_320,MG_449,damaged
2067,TU_321,MG_450 - MG_451,damaged
2068,TU_322,MG_452 - MG_453,damaged
2069,TU_323,MG_454,damaged
2070,TU_324,MG_455,damaged
2071,TU_325,MG_456,damaged
2072,TU_326,MG_457,damaged
2073,TU_327,MG_458,damaged
2074,TU_328,MG_459,damaged
2075,TU_329,MG_460,damaged
2076,TU_330,MG_461 - MG_462,damaged
2077,TU_331,MG_463 - MG_465,damaged
2078,TU_332,MG_466,damaged
2079,TU_333,MG_467 - MG_468,damaged
2080,TU_334,MG_526,damaged
2081,TU_335,MG_469 - MG_470,damaged
2082,TU_001,MG_001 - MG_002,aminoacylated
2083,TU_002,MG_003 - MG_004,aminoacylated
2084,TU_003,MG_005 - MG_009,aminoacylated
2085,TU_004,MG_010,aminoacylated
2086,TU_005,MG_011 - MG_012,aminoacylated
2087,TU_006,MG_013,aminoacylated
2088,MG471,,aminoacylated
2089,MG472,,aminoacylated
2090,TU_008,MG_014 - MG_015,aminoacylated
2091,TU_009,MG_018,aminoacylated
2092,TU_010,MG_019 - MG_021,aminoacylated
2093,TU_011,MG_022 - MG_024,aminoacylated
2094,TU_012,MG_025,aminoacylated
2095,TU_013,MG_026 - MG_028,aminoacylated
2096,TU_014,MG_029 - MG_031,aminoacylated
2097,TU_015,MG_032,aminoacylated
2098,TU_016,MG_033,aminoacylated
2099,TU_017,MG_034,aminoacylated
2100,TU_018,MG_035,aminoacylated
2101,TU_019,MG_036,aminoacylated
2102,TU_020,MG_037,aminoacylated
2103,TU_021,MG_038,aminoacylated
2104,TU_022,MG_039,aminoacylated
2105,TU_023,MG_040,aminoacylated
2106,TU_024,MG_041,aminoacylated
2107,TU_025,MG_042 - MG_044,aminoacylated
2108,TU_026,MG_045,aminoacylated
2109,TU_027,MG_046 - MG_047,aminoacylated
2110,TU_028,MG_048,aminoacylated
2111,TU_029,MG_049 - MG_051,aminoacylated
2112,TU_030,MG_052 - MG_053,aminoacylated
2113,TU_031,"MG_054, MG_055, MG_473",aminoacylated
2114,TU_032,"MG_056, MG_057, MG_474",aminoacylated
2115,TU_033,MG_058,aminoacylated
2116,TU_034,MG_059,aminoacylated
2117,TU_035,MG_060,aminoacylated
2118,TU_036,MG_061,aminoacylated
2119,MG475,,aminoacylated
2120,TU_038,MG_062,aminoacylated
2121,TU_039,MG_063,aminoacylated
2122,TU_040,MG_064 - MG_065,aminoacylated
2123,TU_041,MG_066,aminoacylated
2124,TU_042,MG_067 - MG_068,aminoacylated
2125,TU_043,MG_069,aminoacylated
2126,TU_044,MG_070,aminoacylated
2127,TU_045,MG_071,aminoacylated
2128,TU_046,MG_072,aminoacylated
2129,TU_047,MG_073,aminoacylated
2130,TU_048,MG_074,aminoacylated
2131,TU_049,MG_075,aminoacylated
2132,TU_050,MG_076,aminoacylated
2133,TU_051,MG_077 - MG_080,aminoacylated
2134,TU_052,MG_081 - MG_082,aminoacylated
2135,TU_053,MG_083,aminoacylated
2136,TU_054,MG_084 - MG_085,aminoacylated
2137,TU_055,MG_086 - MG_089,aminoacylated
2138,TU_056,MG_090,aminoacylated
2139,TU_057,MG_091,aminoacylated
2140,TU_058,MG_092,aminoacylated
2141,TU_059,MG_093 - MG_095,aminoacylated
2142,TU_060,MG_096,aminoacylated
2143,TU_061,MG_097,aminoacylated
2144,TU_062,MG_098 - MG_100,aminoacylated
2145,TU_063,MG_101 - MG_103,aminoacylated
2146,TU_064,MG_476,aminoacylated
2147,TU_065,MG_104,aminoacylated
2148,TU_066,MG_105,aminoacylated
2149,TU_067,MG_106,aminoacylated
2150,TU_068,MG_107 - MG_110,aminoacylated
2151,TU_069,MG_111 - MG_112,aminoacylated
2152,TU_070,MG_113,aminoacylated
2153,TU_071,MG_114,aminoacylated
2154,TU_072,MG_115,aminoacylated
2155,TU_073,MG_116 - MG_118,aminoacylated
2156,TU_074,MG_119 - MG_122,aminoacylated
2157,TU_075,MG_123,aminoacylated
2158,TU_076,MG_124 - MG_125,aminoacylated
2159,TU_077,MG_126,aminoacylated
2160,TU_078,MG_127 - MG_128,aminoacylated
2161,TU_079,MG_129,aminoacylated
2162,TU_080,MG_130,aminoacylated
2163,TU_081,MG_131,aminoacylated
2164,TU_082,MG_132,aminoacylated
2165,TU_083,MG_133,aminoacylated
2166,TU_084,MG_134,aminoacylated
2167,TU_085,MG_135,aminoacylated
2168,TU_086,MG_136 - MG_138,aminoacylated
2169,TU_087,MG_139,aminoacylated
2170,MGrrnA16S,16S ribosomal rRNA,aminoacylated
2171,MGrrnA23S,23S ribosomal rRNA,aminoacylated
2172,MGrrnA5S,5S ribosomal rRNA,aminoacylated
2173,TU_089,MG_140,aminoacylated
2174,TU_090,MG_141,aminoacylated
2175,TU_091,MG_477,aminoacylated
2176,TU_092,MG_142 - MG_144,aminoacylated
2177,TU_093,MG_145,aminoacylated
2178,TU_094,MG_146,aminoacylated
2179,TU_095,MG_147,aminoacylated
2180,TU_096,MG_148,aminoacylated
2181,TU_097,MG_149,aminoacylated
2182,TU_098,MG_478,aminoacylated
2183,TU_099,MG_150,aminoacylated
2184,TU_100,MG_151,aminoacylated
2185,TU_101,MG_152 - MG_153,aminoacylated
2186,TU_102,MG_154 - MG_163,aminoacylated
2187,TU_103,MG_164,aminoacylated
2188,TU_104,MG_165 - MG_169,aminoacylated
2189,TU_105,MG_170 - MG_173,aminoacylated
2190,TU_106,MG_174,aminoacylated
2191,TU_107,MG_175 - MG_177,aminoacylated
2192,TU_108,MG_178,aminoacylated
2193,TU_109,MG_179,aminoacylated
2194,TU_110,MG_180,aminoacylated
2195,TU_111,MG_181,aminoacylated
2196,TU_112,MG_182,aminoacylated
2197,TU_113,MG_183 - MG_184,aminoacylated
2198,TU_114,MG_185,aminoacylated
2199,TU_115,MG_186,aminoacylated
2200,TU_116,MG_187 - MG_189,aminoacylated
2201,TU_117,MG_190,aminoacylated
2202,TU_118,MG_191 - MG_192,aminoacylated
2203,TU_119,MG_194 - MG_195,aminoacylated
2204,TU_120,MG_196 - MG_198,aminoacylated
2205,TU_121,MG_199,aminoacylated
2206,TU_122,MG_200 - MG_202,aminoacylated
2207,MG479,,aminoacylated
2208,TU_124,MG_203 - MG_204,aminoacylated
2209,TU_125,MG_205,aminoacylated
2210,TU_126,MG_206,aminoacylated
2211,TU_127,MG_207,aminoacylated
2212,TU_128,MG_208 - MG_210,aminoacylated
2213,TU_129,MG_480,aminoacylated
2214,TU_130,MG_481,aminoacylated
2215,TU_131,"MG_211, MG_212, MG_482",aminoacylated
2216,TU_132,MG_213 - MG_214,aminoacylated
2217,TU_133,MG_215 - MG_216,aminoacylated
2218,MG483,,aminoacylated
2219,MG484,,aminoacylated
2220,MG485,,aminoacylated
2221,MG486,,aminoacylated
2222,MG487,,aminoacylated
2223,MG488,,aminoacylated
2224,MG489,,aminoacylated
2225,MG490,,aminoacylated
2226,TU_142,MG_217,aminoacylated
2227,TU_143,"MG_218, MG_491",aminoacylated
2228,TU_144,MG_219,aminoacylated
2229,TU_145,MG_220,aminoacylated
2230,MG492,,aminoacylated
2231,TU_147,MG_221 - MG_223,aminoacylated
2232,TU_148,MG_224,aminoacylated
2233,TU_149,MG_225 - MG_226,aminoacylated
2234,TU_150,MG_227,aminoacylated
2235,TU_151,MG_228 - MG_231,aminoacylated
2236,TU_152,MG_232 - MG_236,aminoacylated
2237,TU_153,MG_237,aminoacylated
2238,TU_154,MG_238,aminoacylated
2239,TU_155,MG_239,aminoacylated
2240,TU_156,MG_240,aminoacylated
2241,TU_157,MG_241,aminoacylated
2242,TU_158,MG_242,aminoacylated
2243,TU_159,MG_243 - MG_244,aminoacylated
2244,TU_160,MG_245,aminoacylated
2245,TU_161,MG_246,aminoacylated
2246,TU_162,MG_247,aminoacylated
2247,TU_163,MG_248 - MG_249,aminoacylated
2248,TU_164,MG_250 - MG_251,aminoacylated
2249,TU_165,MG_252 - MG_254,aminoacylated
2250,MG493,,aminoacylated
2251,TU_167,"MG_255, MG_494",aminoacylated
2252,MG495,,aminoacylated
2253,MG496,,aminoacylated
2254,TU_169,MG_256,aminoacylated
2255,TU_170,MG_257 - MG_259,aminoacylated
2256,TU_171,MG_260,aminoacylated
2257,MG497,,aminoacylated
2258,TU_173,"MG_261, MG_262, MG_498",aminoacylated
2259,TU_174,MG_263,aminoacylated
2260,TU_175,MG_264,aminoacylated
2261,TU_176,MG_265 - MG_267,aminoacylated
2262,TU_177,MG_268,aminoacylated
2263,MG_0001,"scRNA, signal recognition particle 4.5S RNA, MCS1",aminoacylated
2264,TU_179,MG_269,aminoacylated
2265,TU_180,MG_270 - MG_272,aminoacylated
2266,MG_0002,MG170 RNA,aminoacylated
2267,TU_182,MG_273 - MG_275,aminoacylated
2268,TU_183,MG_276,aminoacylated
2269,TU_184,MG_277,aminoacylated
2270,TU_185,MG_278,aminoacylated
2271,TU_186,MG_279 - MG_281,aminoacylated
2272,MG499,,aminoacylated
2273,MG500,,aminoacylated
2274,MG501,,aminoacylated
2275,MG502,,aminoacylated
2276,MG503,,aminoacylated
2277,TU_190,MG_282,aminoacylated
2278,TU_191,MG_283,aminoacylated
2279,TU_192,MG_284 - MG_286,aminoacylated
2280,TU_193,MG_287,aminoacylated
2281,MG504,,aminoacylated
2282,TU_195,MG_288,aminoacylated
2283,TU_196,MG_289 - MG_291,aminoacylated
2284,TU_197,MG_505,aminoacylated
2285,TU_198,MG_292 - MG_294,aminoacylated
2286,TU_199,MG_295,aminoacylated
2287,TU_200,MG_296,aminoacylated
2288,TU_201,MG_297,aminoacylated
2289,TU_202,MG_298,aminoacylated
2290,TU_203,MG_299,aminoacylated
2291,TU_204,MG_300 - MG_301,aminoacylated
2292,TU_205,MG_302,aminoacylated
2293,TU_206,MG_303,aminoacylated
2294,TU_207,MG_304,aminoacylated
2295,TU_208,MG_305,aminoacylated
2296,TU_209,MG_306,aminoacylated
2297,TU_210,MG_307,aminoacylated
2298,TU_211,MG_308 - MG_309,aminoacylated
2299,TU_212,MG_310,aminoacylated
2300,TU_213,MG_311,aminoacylated
2301,TU_214,MG_312,aminoacylated
2302,TU_215,MG_313 - MG_315,aminoacylated
2303,TU_216,MG_316,aminoacylated
2304,TU_217,MG_317 - MG_318,aminoacylated
2305,TU_218,MG_319,aminoacylated
2306,TU_219,MG_320,aminoacylated
2307,MG506,,aminoacylated
2308,MG507,,aminoacylated
2309,TU_222,MG_321,aminoacylated
2310,MG508,,aminoacylated
2311,MG509,,aminoacylated
2312,MG510,,aminoacylated
2313,MG511,,aminoacylated
2314,MG512,,aminoacylated
2315,MG513,,aminoacylated
2316,MG514,,aminoacylated
2317,TU_224,MG_322,aminoacylated
2318,TU_225,MG_323,aminoacylated
2319,MG_0003,"Rnase P RNA, MCS5, M1 RNA",aminoacylated
2320,MG_0004,"transfer-messenger RNA, tmRNA, MCS6, 10Sa RNA",aminoacylated
2321,TU_228,"MG_324, MG_325, MG_515",aminoacylated
2322,TU_229,MG_326,aminoacylated
2323,TU_230,MG_327,aminoacylated
2324,TU_231,MG_328,aminoacylated
2325,TU_232,MG_329,aminoacylated
2326,TU_233,MG_330 - MG_333,aminoacylated
2327,TU_234,MG_334,aminoacylated
2328,TU_235,MG_335,aminoacylated
2329,TU_236,MG_516,aminoacylated
2330,TU_237,MG_517,aminoacylated
2331,TU_238,MG_336,aminoacylated
2332,TU_239,MG_337,aminoacylated
2333,TU_240,MG_338,aminoacylated
2334,TU_241,MG_339,aminoacylated
2335,TU_242,MG_340 - MG_341,aminoacylated
2336,TU_243,MG_342,aminoacylated
2337,TU_244,MG_343,aminoacylated
2338,TU_245,MG_344,aminoacylated
2339,TU_246,MG_345,aminoacylated
2340,TU_247,MG_346 - MG_347,aminoacylated
2341,MG518,,aminoacylated
2342,TU_249,MG_348,aminoacylated
2343,MG519,,aminoacylated
2344,TU_251,MG_349 - MG_350,aminoacylated
2345,MG520,,aminoacylated
2346,TU_253,MG_521,aminoacylated
2347,TU_254,MG_351,aminoacylated
2348,TU_255,MG_352,aminoacylated
2349,TU_256,MG_353,aminoacylated
2350,TU_257,MG_354,aminoacylated
2351,TU_258,MG_355,aminoacylated
2352,TU_259,MG_356,aminoacylated
2353,TU_260,MG_357,aminoacylated
2354,TU_261,MG_358 - MG_359,aminoacylated
2355,TU_262,MG_360,aminoacylated
2356,TU_263,MG_361 - MG_363,aminoacylated
2357,TU_264,MG_522,aminoacylated
2358,TU_265,MG_364,aminoacylated
2359,TU_266,MG_365,aminoacylated
2360,TU_267,MG_366,aminoacylated
2361,TU_268,MG_367 - MG_369,aminoacylated
2362,TU_269,MG_370,aminoacylated
2363,TU_270,MG_371,aminoacylated
2364,TU_271,MG_372 - MG_375,aminoacylated
2365,TU_272,MG_376,aminoacylated
2366,TU_273,MG_377,aminoacylated
2367,TU_274,MG_378,aminoacylated
2368,TU_275,MG_379 - MG_381,aminoacylated
2369,MG523,,aminoacylated
2370,TU_277,MG_382,aminoacylated
2371,TU_278,MG_383,aminoacylated
2372,TU_279,MG_384,aminoacylated
2373,TU_280,"MG_385, MG_524",aminoacylated
2374,TU_281,MG_386,aminoacylated
2375,TU_282,MG_387 - MG_388,aminoacylated
2376,TU_283,MG_389,aminoacylated
2377,TU_284,MG_390,aminoacylated
2378,TU_285,MG_391 - MG_393,aminoacylated
2379,TU_286,MG_394,aminoacylated
2380,TU_287,MG_395,aminoacylated
2381,TU_288,MG_396 - MG_397,aminoacylated
2382,TU_289,MG_398,aminoacylated
2383,TU_290,MG_399,aminoacylated
2384,TU_291,MG_400 - MG_401,aminoacylated
2385,TU_292,MG_402 - MG_405,aminoacylated
2386,TU_293,MG_406,aminoacylated
2387,TU_294,MG_407,aminoacylated
2388,TU_295,MG_408,aminoacylated
2389,TU_296,MG_409 - MG_412,aminoacylated
2390,TU_297,MG_414,aminoacylated
2391,TU_298,MG_525,aminoacylated
2392,TU_299,MG_417,aminoacylated
2393,TU_300,MG_418,aminoacylated
2394,TU_301,"MG_419, MG_421, MG_422, MG_423",aminoacylated
2395,TU_302,MG_424,aminoacylated
2396,TU_303,MG_425,aminoacylated
2397,TU_304,MG_426,aminoacylated
2398,TU_305,MG_427,aminoacylated
2399,TU_306,MG_428,aminoacylated
2400,TU_307,MG_429 - MG_431,aminoacylated
2401,TU_308,MG_432,aminoacylated
2402,TU_309,MG_433,aminoacylated
2403,TU_310,MG_434,aminoacylated
2404,TU_311,MG_435,aminoacylated
2405,TU_312,MG_437,aminoacylated
2406,TU_313,MG_438,aminoacylated
2407,TU_314,MG_439,aminoacylated
2408,TU_315,MG_440 - MG_441,aminoacylated
2409,TU_316,MG_442 - MG_443,aminoacylated
2410,TU_317,MG_444 - MG_446,aminoacylated
2411,TU_318,MG_447,aminoacylated
2412,TU_319,MG_448,aminoacylated
2413,TU_320,MG_449,aminoacylated
2414,TU_321,MG_450 - MG_451,aminoacylated
2415,TU_322,MG_452 - MG_453,aminoacylated
2416,TU_323,MG_454,aminoacylated
2417,TU_324,MG_455,aminoacylated
2418,TU_325,MG_456,aminoacylated
2419,TU_326,MG_457,aminoacylated
2420,TU_327,MG_458,aminoacylated
2421,TU_328,MG_459,aminoacylated
2422,TU_329,MG_460,aminoacylated
2423,TU_330,MG_461 - MG_462,aminoacylated
2424,TU_331,MG_463 - MG_465,aminoacylated
2425,TU_332,MG_466,aminoacylated
2426,TU_333,MG_467 - MG_468,aminoacylated
2427,TU_334,MG_526,aminoacylated
2428,TU_335,MG_469 - MG_470,aminoacylated